Tick:,ID:,Tweeted:,TweetCount:,Followers:,Influence: 1.0,Quality: 0.2,Frequency: 0.5
1,99,false,0,0
2,99,true,1,0
3,99,false,1,0
4,99,true,2,0
5,99,false,2,0
6,99,true,3,0
7,99,false,3,0
8,99,true,4,0
9,99,false,4,0
10,99,false,4,0
11,99,false,4,0
12,99,true,5,0
13,99,false,5,0
14,99,true,6,0
15,99,true,7,0
16,99,false,7,0
17,99,false,7,0
18,99,false,7,0
19,99,true,8,0
20,99,true,9,0
21,99,false,9,0
22,99,false,9,0
23,99,false,9,0
24,99,true,10,0
25,99,true,11,0
26,99,false,11,0
27,99,true,12,0
28,99,false,12,0
29,99,false,12,0
30,99,true,13,0
31,99,true,14,0
32,99,false,14,0
33,99,true,15,0
34,99,false,15,0
35,99,false,15,0
36,99,true,16,0
37,99,true,17,0
38,99,false,17,0
39,99,false,17,0
40,99,false,17,0
41,99,true,18,0
42,99,false,18,0
43,99,true,19,0
44,99,false,19,0
45,99,true,20,0
46,99,false,20,0
47,99,true,21,0
48,99,true,22,0
49,99,true,23,0
50,99,true,24,0
51,99,true,25,0
52,99,true,26,0
53,99,true,27,0
54,99,true,28,0
55,99,false,28,0
56,99,false,28,0
57,99,true,29,0
58,99,false,29,0
59,99,false,29,0
60,99,true,30,0
61,99,true,31,0
62,99,false,31,0
63,99,false,31,0
64,99,false,31,0
65,99,true,32,0
66,99,true,33,0
67,99,false,33,0
68,99,false,33,0
69,99,true,34,0
70,99,true,35,0
71,99,true,36,0
72,99,false,36,0
73,99,false,36,0
74,99,true,37,0
75,99,false,37,0
76,99,false,37,0
77,99,false,37,0
78,99,false,37,0
79,99,true,38,0
80,99,false,38,0
81,99,false,38,0
82,99,false,38,0
83,99,true,39,0
84,99,true,40,0
85,99,true,41,0
86,99,false,41,0
87,99,true,42,0
88,99,true,43,0
89,99,false,43,0
90,99,false,43,0
91,99,false,43,0
92,99,false,43,0
93,99,true,44,0
94,99,false,44,0
95,99,false,44,0
96,99,true,45,0
97,99,false,45,1
98,99,true,46,0
99,99,false,46,0
100,99,false,46,0
101,99,false,46,0
102,99,true,47,0
103,99,false,47,0
104,99,false,47,0
105,99,true,48,0
106,99,true,49,0
107,99,false,49,0
108,99,true,50,0
109,99,false,50,0
110,99,true,51,0
111,99,false,51,0
112,99,true,52,0
113,99,false,52,0
114,99,true,53,0
115,99,false,53,0
116,99,false,53,0
117,99,true,54,0
118,99,false,54,0
119,99,true,55,0
120,99,true,56,0
121,99,true,57,0
122,99,false,57,0
123,99,true,58,0
124,99,true,59,0
125,99,true,60,0
126,99,true,61,0
127,99,false,61,0
128,99,true,62,0
129,99,true,63,0
130,99,false,63,0
131,99,false,63,0
132,99,false,63,0
133,99,true,64,0
134,99,false,64,0
135,99,true,65,0
136,99,false,65,0
137,99,false,65,0
138,99,false,65,0
139,99,false,65,0
140,99,false,65,0
141,99,true,66,0
142,99,true,67,0
143,99,true,68,0
144,99,true,69,0
145,99,false,69,0
146,99,true,70,0
147,99,false,70,0
148,99,false,70,0
149,99,false,70,0
150,99,true,71,0
151,99,true,72,0
152,99,false,72,0
153,99,true,73,0
154,99,true,74,0
155,99,false,74,0
156,99,true,75,0
157,99,false,75,0
158,99,false,75,0
159,99,false,75,0
160,99,false,75,0
161,99,true,76,0
162,99,true,77,0
163,99,true,78,0
164,99,false,78,0
165,99,true,79,0
166,99,false,79,0
167,99,false,79,0
168,99,true,80,0
169,99,false,80,0
170,99,false,80,0
171,99,true,81,0
172,99,true,82,0
173,99,true,83,0
174,99,true,84,0
175,99,false,84,0
176,99,true,85,0
177,99,true,86,0
178,99,false,86,0
179,99,true,87,0
180,99,false,87,0
181,99,true,88,0
182,99,false,88,0
183,99,false,88,0
184,99,true,89,0
185,99,true,90,0
186,99,false,90,0
187,99,true,91,0
188,99,false,91,0
189,99,false,91,0
190,99,false,91,0
191,99,false,91,0
192,99,false,91,0
193,99,true,92,0
194,99,false,92,0
195,99,true,93,0
196,99,true,94,0
197,99,false,94,0
198,99,false,94,0
199,99,false,94,0
200,99,false,94,0
201,99,true,95,0
202,99,true,96,0
203,99,true,97,0
204,99,false,97,0
205,99,false,97,0
206,99,true,98,0
207,99,false,98,0
208,99,false,98,0
209,99,true,99,0
210,99,true,100,0
211,99,true,101,0
212,99,false,101,0
213,99,false,101,0
214,99,true,102,0
215,99,true,103,0
216,99,true,104,0
217,99,true,105,0
218,99,false,105,0
219,99,false,105,0
220,99,false,105,0
221,99,false,105,0
222,99,false,105,1
223,99,false,105,1
224,99,true,106,0
225,99,false,106,0
226,99,false,106,0
227,99,false,106,0
228,99,false,106,0
229,99,true,107,0
230,99,true,108,0
231,99,false,108,0
232,99,false,108,0
233,99,false,108,0
234,99,false,108,0
235,99,false,108,0
236,99,true,109,0
237,99,false,109,0
238,99,true,110,0
239,99,true,111,0
240,99,false,111,0
241,99,true,112,0
242,99,true,113,0
243,99,true,114,0
244,99,true,115,0
245,99,false,115,0
246,99,true,116,0
247,99,true,117,0
248,99,true,118,0
249,99,true,119,0
250,99,true,120,0
251,99,false,120,0
252,99,true,121,0
253,99,true,122,0
254,99,true,123,0
255,99,false,123,0
256,99,false,123,0
257,99,true,124,0
258,99,true,125,0
259,99,false,125,0
260,99,true,126,0
261,99,false,126,0
262,99,true,127,0
263,99,true,128,0
264,99,false,128,0
265,99,false,128,0
266,99,false,128,0
267,99,false,128,0
268,99,false,128,0
269,99,true,129,0
270,99,false,129,0
271,99,true,130,0
272,99,false,130,0
273,99,true,131,0
274,99,true,132,0
275,99,false,132,0
276,99,false,132,0
277,99,true,133,0
278,99,true,134,0
279,99,true,135,0
280,99,true,136,0
281,99,false,136,0
282,99,true,137,0
283,99,false,137,0
284,99,true,138,0
285,99,true,139,0
286,99,true,140,0
287,99,false,140,0
288,99,true,141,0
289,99,true,142,0
290,99,false,142,0
291,99,true,143,0
292,99,true,144,0
293,99,false,144,0
294,99,false,144,0
295,99,true,145,0
296,99,true,146,0
297,99,true,147,0
298,99,false,147,0
299,99,true,148,0
300,99,false,148,0
301,99,false,148,0
302,99,false,148,0
303,99,false,148,0
304,99,true,149,0
305,99,false,149,0
306,99,true,150,0
307,99,false,150,0
308,99,false,150,0
309,99,false,150,0
310,99,false,150,0
311,99,false,150,0
312,99,true,151,0
313,99,false,151,0
314,99,true,152,0
315,99,true,153,0
316,99,false,153,0
317,99,false,153,0
318,99,false,153,0
319,99,true,154,0
320,99,true,155,0
321,99,true,156,0
322,99,true,157,0
323,99,true,158,0
324,99,false,158,0
325,99,false,158,0
326,99,false,158,0
327,99,false,158,0
328,99,false,158,0
329,99,false,158,0
330,99,true,159,0
331,99,true,160,0
332,99,true,161,0
333,99,false,161,0
334,99,true,162,0
335,99,false,162,0
336,99,false,162,0
337,99,false,162,0
338,99,true,163,0
339,99,true,164,0
340,99,true,165,0
341,99,false,165,0
342,99,true,166,0
343,99,true,167,0
344,99,true,168,0
345,99,false,168,0
346,99,false,168,0
347,99,true,169,0
348,99,true,170,0
349,99,true,171,0
350,99,false,171,0
351,99,true,172,0
352,99,false,172,0
353,99,true,173,0
354,99,false,173,0
355,99,false,173,0
356,99,false,173,0
357,99,false,173,0
358,99,false,173,0
359,99,true,174,0
360,99,true,175,0
361,99,true,176,0
362,99,false,176,0
363,99,true,177,0
364,99,false,177,0
365,99,true,178,0
366,99,true,179,0
367,99,false,179,0
368,99,false,179,0
369,99,true,180,0
370,99,true,181,0
371,99,false,181,0
372,99,true,182,0
373,99,true,183,0
374,99,true,184,0
375,99,true,185,0
376,99,false,185,0
377,99,true,186,0
378,99,false,186,0
379,99,false,186,0
380,99,true,187,0
381,99,false,187,0
382,99,false,187,0
383,99,false,187,0
384,99,false,187,0
385,99,false,187,0
386,99,false,187,0
387,99,true,188,0
388,99,true,189,0
389,99,false,189,0
390,99,false,189,0
391,99,false,189,0
392,99,false,189,0
393,99,true,190,0
394,99,true,191,0
395,99,false,191,0
396,99,false,191,0
397,99,false,191,0
398,99,true,192,0
399,99,false,192,0
400,99,true,193,0
401,99,false,193,0
402,99,false,193,0
403,99,true,194,0
404,99,false,194,0
405,99,true,195,0
406,99,false,195,0
407,99,true,196,0
408,99,false,196,0
409,99,true,197,0
410,99,true,198,0
411,99,true,199,0
412,99,false,199,0
413,99,true,200,0
414,99,false,200,0
415,99,true,201,0
416,99,false,201,0
417,99,true,202,0
418,99,false,202,0
419,99,false,202,0
420,99,false,202,0
421,99,true,203,0
422,99,false,203,0
423,99,false,203,0
424,99,true,204,0
425,99,true,205,0
426,99,true,206,0
427,99,true,207,0
428,99,false,207,0
429,99,true,208,1
430,99,false,208,1
431,99,false,208,1
432,99,true,209,1
433,99,false,209,1
434,99,true,210,0
435,99,true,211,0
436,99,false,211,0
437,99,false,211,0
438,99,false,211,0
439,99,false,211,0
440,99,false,211,0
441,99,true,212,0
442,99,true,213,1
443,99,false,213,0
444,99,false,213,0
445,99,false,213,0
446,99,true,214,0
447,99,true,215,0
448,99,true,216,0
449,99,true,217,0
450,99,false,217,0
451,99,false,217,0
452,99,true,218,0
453,99,true,219,0
454,99,true,220,0
455,99,true,221,0
456,99,false,221,0
457,99,true,222,0
458,99,true,223,0
459,99,false,223,0
460,99,true,224,0
461,99,false,224,1
462,99,false,224,0
463,99,true,225,0
464,99,false,225,0
465,99,false,225,0
466,99,false,225,0
467,99,false,225,0
468,99,true,226,0
469,99,true,227,0
470,99,true,228,0
471,99,true,229,0
472,99,true,230,0
473,99,false,230,0
474,99,false,230,0
475,99,false,230,0
476,99,false,230,0
477,99,true,231,0
478,99,false,231,0
479,99,true,232,0
480,99,false,232,0
481,99,false,232,1
482,99,true,233,0
483,99,false,233,0
484,99,true,234,0
485,99,true,235,0
486,99,true,236,0
487,99,true,237,0
488,99,false,237,0
489,99,false,237,0
490,99,true,238,0
491,99,false,238,0
492,99,true,239,0
493,99,true,240,0
494,99,true,241,0
495,99,false,241,0
496,99,false,241,0
497,99,false,241,0
498,99,true,242,0
499,99,true,243,0
500,99,true,244,0
501,99,false,244,0
502,99,true,245,0
503,99,true,246,0
504,99,false,246,0
505,99,false,246,0
506,99,true,247,0
507,99,true,248,0
508,99,true,249,0
509,99,false,249,0
510,99,false,249,0
511,99,false,249,0
512,99,true,250,0
513,99,true,251,0
514,99,false,251,0
515,99,true,252,0
516,99,true,253,0
517,99,false,253,1
518,99,true,254,1
519,99,true,255,1
520,99,false,255,1
521,99,true,256,1
522,99,true,257,2
523,99,false,257,2
524,99,true,258,2
525,99,true,259,2
526,99,false,259,2
527,99,false,259,2
528,99,true,260,2
529,99,true,261,1
530,99,false,261,1
531,99,false,261,1
532,99,false,261,1
533,99,true,262,1
534,99,true,263,2
535,99,true,264,2
536,99,true,265,2
537,99,true,266,2
538,99,false,266,2
539,99,false,266,2
540,99,true,267,2
541,99,true,268,2
542,99,false,268,2
543,99,false,268,2
544,99,true,269,1
545,99,true,270,1
546,99,true,271,1
547,99,false,271,1
548,99,true,272,1
549,99,false,272,1
550,99,true,273,1
551,99,false,273,1
552,99,true,274,1
553,99,true,275,1
554,99,false,275,1
555,99,true,276,1
556,99,false,276,1
557,99,true,277,1
558,99,true,278,1
559,99,true,279,1
560,99,true,280,1
561,99,false,280,1
562,99,true,281,1
563,99,true,282,1
564,99,true,283,1
565,99,true,284,1
566,99,true,285,1
567,99,false,285,0
568,99,true,286,0
569,99,false,286,0
570,99,true,287,0
571,99,false,287,0
572,99,false,287,0
573,99,false,287,0
574,99,true,288,0
575,99,false,288,0
576,99,true,289,0
577,99,false,289,0
578,99,false,289,0
579,99,false,289,0
580,99,false,289,0
581,99,false,289,0
582,99,true,290,0
583,99,true,291,0
584,99,false,291,0
585,99,false,291,0
586,99,false,291,0
587,99,true,292,0
588,99,true,293,0
589,99,true,294,0
590,99,true,295,0
591,99,true,296,0
592,99,true,297,0
593,99,true,298,0
594,99,false,298,0
595,99,false,298,0
596,99,true,299,0
597,99,true,300,0
598,99,true,301,0
599,99,false,301,0
600,99,false,301,0
601,99,true,302,0
602,99,false,302,0
603,99,true,303,0
604,99,true,304,0
605,99,false,304,0
606,99,false,304,0
607,99,true,305,0
608,99,true,306,0
609,99,true,307,0
610,99,true,308,0
611,99,true,309,0
612,99,true,310,0
613,99,true,311,0
614,99,false,311,0
615,99,false,311,0
616,99,true,312,0
617,99,true,313,0
618,99,false,313,0
619,99,false,313,0
620,99,true,314,0
621,99,true,315,0
622,99,true,316,0
623,99,true,317,0
624,99,false,317,0
625,99,false,317,0
626,99,false,317,0
627,99,true,318,0
628,99,true,319,0
629,99,false,319,0
630,99,false,319,0
631,99,false,319,0
632,99,false,319,0
633,99,true,320,0
634,99,false,320,0
635,99,true,321,0
636,99,false,321,0
637,99,true,322,0
638,99,false,322,0
639,99,false,322,0
640,99,true,323,0
641,99,true,324,0
642,99,false,324,0
643,99,false,324,0
644,99,false,324,0
645,99,true,325,0
646,99,true,326,1
647,99,true,327,1
648,99,false,327,1
649,99,false,327,1
650,99,false,327,0
651,99,false,327,0
652,99,true,328,0
653,99,false,328,0
654,99,true,329,0
655,99,false,329,1
656,99,false,329,0
657,99,false,329,0
658,99,true,330,0
659,99,true,331,0
660,99,true,332,0
661,99,true,333,0
662,99,true,334,0
663,99,true,335,0
664,99,true,336,2
665,99,true,337,2
666,99,true,338,2
667,99,true,339,2
668,99,false,339,2
669,99,false,339,2
670,99,false,339,2
671,99,false,339,1
672,99,true,340,0
673,99,true,341,0
674,99,true,342,0
675,99,false,342,1
676,99,true,343,0
677,99,false,343,0
678,99,true,344,0
679,99,true,345,1
680,99,false,345,1
681,99,false,345,0
682,99,true,346,1
683,99,true,347,1
684,99,false,347,1
685,99,true,348,1
686,99,true,349,1
687,99,false,349,1
688,99,true,350,1
689,99,true,351,1
690,99,true,352,1
691,99,true,353,1
692,99,false,353,1
693,99,true,354,1
694,99,true,355,1
695,99,true,356,1
696,99,true,357,1
697,99,true,358,0
698,99,true,359,0
699,99,true,360,0
700,99,true,361,0
701,99,true,362,0
702,99,false,362,0
703,99,true,363,0
704,99,false,363,1
705,99,false,363,0
706,99,false,363,0
707,99,true,364,0
708,99,false,364,0
709,99,true,365,0
710,99,false,365,0
711,99,false,365,1
712,99,false,365,0
713,99,true,366,0
714,99,true,367,0
715,99,true,368,0
716,99,false,368,0
717,99,true,369,0
718,99,true,370,0
719,99,true,371,0
720,99,false,371,0
721,99,true,372,0
722,99,false,372,0
723,99,true,373,0
724,99,true,374,0
725,99,false,374,0
726,99,false,374,0
727,99,false,374,0
728,99,true,375,0
729,99,true,376,0
730,99,false,376,0
731,99,false,376,0
732,99,false,376,0
733,99,false,376,0
734,99,false,376,0
735,99,true,377,0
736,99,true,378,0
737,99,true,379,0
738,99,true,380,0
739,99,true,381,0
740,99,true,382,0
741,99,true,383,0
742,99,false,383,0
743,99,false,383,0
744,99,true,384,0
745,99,true,385,0
746,99,false,385,0
747,99,false,385,0
748,99,true,386,0
749,99,true,387,0
750,99,true,388,0
751,99,false,388,0
752,99,true,389,0
753,99,true,390,0
754,99,false,390,0
755,99,false,390,0
756,99,true,391,0
757,99,false,391,0
758,99,false,391,0
759,99,true,392,0
760,99,true,393,0
761,99,true,394,0
762,99,true,395,0
763,99,false,395,0
764,99,false,395,0
765,99,false,395,0
766,99,false,395,0
767,99,true,396,0
768,99,true,397,0
769,99,true,398,0
770,99,true,399,0
771,99,false,399,0
772,99,true,400,0
773,99,false,400,0
774,99,false,400,0
775,99,false,400,0
776,99,true,401,0
777,99,true,402,0
778,99,false,402,0
779,99,false,402,0
780,99,true,403,0
781,99,true,404,0
782,99,false,404,0
783,99,false,404,0
784,99,true,405,0
785,99,true,406,0
786,99,false,406,0
787,99,false,406,0
788,99,true,407,0
789,99,false,407,0
790,99,true,408,0
791,99,false,408,0
792,99,true,409,0
793,99,true,410,0
794,99,true,411,0
795,99,true,412,0
796,99,true,413,0
797,99,false,413,0
798,99,false,413,0
799,99,true,414,0
800,99,false,414,0
801,99,false,414,0
802,99,true,415,0
803,99,false,415,0
804,99,true,416,0
805,99,true,417,0
806,99,true,418,0
807,99,true,419,0
808,99,false,419,0
809,99,true,420,0
810,99,true,421,0
811,99,false,421,0
812,99,true,422,0
813,99,true,423,0
814,99,true,424,0
815,99,true,425,0
816,99,true,426,0
817,99,true,427,0
818,99,true,428,0
819,99,true,429,0
820,99,true,430,0
821,99,true,431,0
822,99,true,432,0
823,99,false,432,0
824,99,true,433,0
825,99,true,434,0
826,99,true,435,0
827,99,true,436,1
828,99,true,437,0
829,99,true,438,0
830,99,false,438,0
831,99,true,439,0
832,99,true,440,0
833,99,false,440,0
834,99,true,441,0
835,99,true,442,0
836,99,false,442,0
837,99,false,442,0
838,99,false,442,0
839,99,false,442,0
840,99,false,442,0
841,99,true,443,0
842,99,false,443,0
843,99,false,443,0
844,99,false,443,0
845,99,true,444,0
846,99,false,444,0
847,99,false,444,0
848,99,false,444,0
849,99,true,445,0
850,99,true,446,0
851,99,true,447,0
852,99,true,448,0
853,99,true,449,0
854,99,false,449,0
855,99,true,450,0
856,99,true,451,0
857,99,true,452,0
858,99,false,452,0
859,99,false,452,0
860,99,false,452,0
861,99,true,453,0
862,99,false,453,0
863,99,true,454,0
864,99,true,455,0
865,99,true,456,0
866,99,false,456,0
867,99,false,456,0
868,99,true,457,0
869,99,true,458,0
870,99,true,459,0
871,99,true,460,0
872,99,true,461,0
873,99,false,461,0
874,99,true,462,0
875,99,true,463,0
876,99,false,463,0
877,99,true,464,0
878,99,true,465,0
879,99,true,466,0
880,99,true,467,0
881,99,true,468,0
882,99,true,469,0
883,99,true,470,0
884,99,false,470,0
885,99,true,471,0
886,99,false,471,0
887,99,false,471,0
888,99,false,471,0
889,99,true,472,0
890,99,true,473,0
891,99,true,474,0
892,99,false,474,0
893,99,true,475,0
894,99,true,476,1
895,99,false,476,0
896,99,true,477,0
897,99,true,478,0
898,99,true,479,0
899,99,false,479,0
900,99,true,480,0
901,99,true,481,0
902,99,false,481,0
903,99,true,482,0
904,99,true,483,0
905,99,false,483,0
906,99,true,484,0
907,99,true,485,0
908,99,false,485,0
909,99,true,486,0
910,99,true,487,0
911,99,true,488,0
912,99,true,489,0
913,99,false,489,0
914,99,false,489,0
915,99,false,489,0
916,99,true,490,0
917,99,false,490,0
918,99,false,490,0
919,99,false,490,0
920,99,false,490,0
921,99,true,491,0
922,99,false,491,0
923,99,true,492,0
924,99,true,493,0
925,99,true,494,0
926,99,true,495,0
927,99,true,496,0
928,99,false,496,0
929,99,false,496,0
930,99,true,497,0
931,99,false,497,0
932,99,true,498,0
933,99,false,498,0
934,99,true,499,0
935,99,true,500,0
936,99,false,500,0
937,99,true,501,0
938,99,false,501,0
939,99,true,502,0
940,99,true,503,0
941,99,true,504,0
942,99,false,504,0
943,99,true,505,0
944,99,false,505,0
945,99,true,506,0
946,99,false,506,0
947,99,false,506,0
948,99,false,506,0
949,99,false,506,0
950,99,false,506,0
951,99,false,506,0
952,99,true,507,0
953,99,true,508,0
954,99,false,508,0
955,99,true,509,0
956,99,false,509,0
957,99,false,509,0
958,99,false,509,0
959,99,true,510,0
960,99,false,510,0
961,99,false,510,0
962,99,true,511,0
963,99,true,512,0
964,99,false,512,0
965,99,false,512,0
966,99,true,513,0
967,99,false,513,0
968,99,true,514,0
969,99,true,515,0
970,99,false,515,0
971,99,false,515,0
972,99,true,516,0
973,99,true,517,0
974,99,false,517,0
975,99,true,518,0
976,99,true,519,0
977,99,false,519,0
978,99,true,520,0
979,99,false,520,0
980,99,true,521,0
981,99,true,522,0
982,99,true,523,0
983,99,true,524,0
984,99,true,525,0
985,99,true,526,0
986,99,true,527,0
987,99,false,527,0
988,99,true,528,0
989,99,false,528,0
990,99,false,528,0
991,99,false,528,0
992,99,true,529,0
993,99,false,529,0
994,99,false,529,0
995,99,true,530,0
996,99,false,530,0
997,99,true,531,0
998,99,true,532,0
999,99,false,532,0
1000,99,false,532,0
1001,99,true,533,0
1002,99,true,534,0
1003,99,false,534,0
1004,99,false,534,0
1005,99,true,535,0
1006,99,false,535,0
1007,99,false,535,0
1008,99,false,535,0
1009,99,true,536,0
1010,99,false,536,0
1011,99,true,537,0
1012,99,true,538,0
1013,99,false,538,0
1014,99,false,538,0
1015,99,false,538,0
1016,99,false,538,0
1017,99,true,539,0
1018,99,true,540,0
1019,99,true,541,0
1020,99,false,541,0
1021,99,true,542,0
1022,99,true,543,0
1023,99,true,544,0
1024,99,false,544,0
1025,99,true,545,0
1026,99,true,546,0
1027,99,true,547,0
1028,99,false,547,0
1029,99,true,548,0
1030,99,true,549,0
1031,99,true,550,0
1032,99,true,551,0
1033,99,false,551,0
1034,99,false,551,0
1035,99,true,552,0
1036,99,true,553,0
1037,99,true,554,0
1038,99,true,555,0
1039,99,false,555,0
1040,99,true,556,0
1041,99,false,556,0
1042,99,false,556,0
1043,99,true,557,0
1044,99,true,558,0
1045,99,false,558,0
1046,99,false,558,0
1047,99,false,558,0
1048,99,false,558,0
1049,99,true,559,0
1050,99,true,560,0
1051,99,false,560,0
1052,99,true,561,0
1053,99,false,561,0
1054,99,false,561,0
1055,99,true,562,0
1056,99,true,563,0
1057,99,true,564,0
1058,99,false,564,0
1059,99,true,565,0
1060,99,true,566,0
1061,99,true,567,0
1062,99,false,567,0
1063,99,true,568,0
1064,99,false,568,1
1065,99,false,568,1
1066,99,false,568,0
1067,99,false,568,0
1068,99,true,569,0
1069,99,false,569,0
1070,99,true,570,0
1071,99,false,570,0
1072,99,false,570,0
1073,99,false,570,1
1074,99,false,570,1
1075,99,false,570,0
1076,99,true,571,0
1077,99,false,571,0
1078,99,true,572,0
1079,99,true,573,0
1080,99,true,574,0
1081,99,false,574,0
1082,99,true,575,0
1083,99,true,576,0
1084,99,true,577,0
1085,99,false,577,0
1086,99,true,578,1
1087,99,false,578,1
1088,99,true,579,1
1089,99,true,580,1
1090,99,false,580,1
1091,99,true,581,1
1092,99,true,582,1
1093,99,false,582,1
1094,99,false,582,1
1095,99,false,582,1
1096,99,true,583,1
1097,99,false,583,1
1098,99,true,584,1
1099,99,false,584,1
1100,99,true,585,1
1101,99,true,586,1
1102,99,true,587,1
1103,99,false,587,1
1104,99,true,588,1
1105,99,true,589,1
1106,99,true,590,1
1107,99,false,590,1
1108,99,false,590,1
1109,99,true,591,1
1110,99,false,591,1
1111,99,false,591,1
1112,99,false,591,1
1113,99,true,592,1
1114,99,false,592,1
1115,99,false,592,1
1116,99,false,592,1
1117,99,true,593,1
1118,99,true,594,1
1119,99,true,595,1
1120,99,false,595,1
1121,99,true,596,1
1122,99,true,597,1
1123,99,true,598,1
1124,99,true,599,1
1125,99,false,599,1
1126,99,false,599,1
1127,99,false,599,1
1128,99,false,599,1
1129,99,true,600,1
1130,99,true,601,1
1131,99,true,602,1
1132,99,true,603,1
1133,99,true,604,1
1134,99,false,604,1
1135,99,true,605,1
1136,99,true,606,1
1137,99,true,607,1
1138,99,false,607,1
1139,99,false,607,1
1140,99,true,608,1
1141,99,false,608,1
1142,99,false,608,1
1143,99,true,609,1
1144,99,false,609,1
1145,99,true,610,1
1146,99,true,611,1
1147,99,false,611,1
1148,99,true,612,1
1149,99,false,612,1
1150,99,false,612,1
1151,99,true,613,1
1152,99,false,613,1
1153,99,false,613,1
1154,99,true,614,1
1155,99,false,614,1
1156,99,true,615,1
1157,99,true,616,1
1158,99,false,616,1
1159,99,true,617,1
1160,99,true,618,1
1161,99,true,619,0
1162,99,false,619,0
1163,99,true,620,0
1164,99,false,620,0
1165,99,true,621,0
1166,99,false,621,0
1167,99,false,621,0
1168,99,false,621,0
1169,99,false,621,0
1170,99,true,622,0
1171,99,false,622,0
1172,99,false,622,0
1173,99,true,623,0
1174,99,true,624,0
1175,99,true,625,0
1176,99,false,625,0
1177,99,false,625,0
1178,99,false,625,0
1179,99,false,625,0
1180,99,true,626,0
1181,99,false,626,0
1182,99,true,627,0
1183,99,false,627,0
1184,99,true,628,0
1185,99,false,628,0
1186,99,true,629,0
1187,99,false,629,0
1188,99,false,629,0
1189,99,true,630,0
1190,99,true,631,0
1191,99,true,632,0
1192,99,true,633,0
1193,99,false,633,0
1194,99,false,633,0
1195,99,false,633,0
1196,99,false,633,0
1197,99,false,633,0
1198,99,true,634,0
1199,99,false,634,0
1200,99,false,634,0
1201,99,true,635,0
1202,99,true,636,0
1203,99,false,636,0
1204,99,true,637,0
1205,99,false,637,0
1206,99,true,638,0
1207,99,false,638,0
1208,99,false,638,0
1209,99,false,638,0
1210,99,false,638,0
1211,99,true,639,0
1212,99,false,639,0
1213,99,false,639,0
1214,99,false,639,1
1215,99,true,640,1
1216,99,true,641,1
1217,99,false,641,1
1218,99,true,642,1
1219,99,false,642,1
1220,99,false,642,1
1221,99,false,642,1
1222,99,false,642,1
1223,99,false,642,1
1224,99,false,642,1
1225,99,true,643,1
1226,99,true,644,1
1227,99,true,645,1
1228,99,false,645,1
1229,99,true,646,1
1230,99,true,647,0
1231,99,false,647,0
1232,99,true,648,0
1233,99,false,648,0
1234,99,false,648,0
1235,99,true,649,0
1236,99,false,649,0
1237,99,true,650,0
1238,99,false,650,0
1239,99,false,650,0
1240,99,false,650,0
1241,99,false,650,0
1242,99,false,650,0
1243,99,false,650,0
1244,99,false,650,0
1245,99,false,650,0
1246,99,false,650,0
1247,99,false,650,0
1248,99,false,650,0
1249,99,true,651,0
1250,99,true,652,0
1251,99,true,653,0
1252,99,true,654,0
1253,99,false,654,0
1254,99,false,654,0
1255,99,false,654,0
1256,99,false,654,0
1257,99,true,655,0
1258,99,false,655,0
1259,99,false,655,0
1260,99,false,655,0
1261,99,false,655,0
1262,99,false,655,0
1263,99,true,656,0
1264,99,true,657,0
1265,99,true,658,0
1266,99,true,659,0
1267,99,false,659,0
1268,99,false,659,0
1269,99,false,659,1
1270,99,true,660,0
1271,99,false,660,0
1272,99,false,660,0
1273,99,true,661,0
1274,99,false,661,0
1275,99,true,662,0
1276,99,false,662,0
1277,99,false,662,0
1278,99,false,662,0
1279,99,true,663,0
1280,99,true,664,0
1281,99,true,665,0
1282,99,true,666,0
1283,99,false,666,0
1284,99,true,667,0
1285,99,true,668,0
1286,99,false,668,0
1287,99,false,668,0
1288,99,false,668,0
1289,99,false,668,0
1290,99,true,669,0
1291,99,false,669,0
1292,99,false,669,0
1293,99,true,670,0
1294,99,true,671,0
1295,99,false,671,0
1296,99,false,671,0
1297,99,true,672,0
1298,99,true,673,0
1299,99,true,674,0
1300,99,true,675,0
1301,99,true,676,0
1302,99,false,676,0
1303,99,true,677,0
1304,99,false,677,0
1305,99,true,678,0
1306,99,false,678,0
1307,99,true,679,0
1308,99,false,679,0
1309,99,false,679,0
1310,99,true,680,0
1311,99,true,681,0
1312,99,true,682,0
1313,99,true,683,0
1314,99,true,684,0
1315,99,true,685,0
1316,99,false,685,0
1317,99,true,686,0
1318,99,true,687,0
1319,99,true,688,0
1320,99,true,689,0
1321,99,false,689,0
1322,99,false,689,0
1323,99,true,690,0
1324,99,true,691,0
1325,99,true,692,0
1326,99,false,692,0
1327,99,true,693,0
1328,99,false,693,0
1329,99,true,694,0
1330,99,false,694,0
1331,99,true,695,0
1332,99,false,695,0
1333,99,true,696,0
1334,99,true,697,0
1335,99,true,698,1
1336,99,false,698,1
1337,99,false,698,0
1338,99,false,698,1
1339,99,true,699,1
1340,99,true,700,1
1341,99,false,700,1
1342,99,false,700,1
1343,99,true,701,1
1344,99,true,702,1
1345,99,true,703,1
1346,99,false,703,1
1347,99,false,703,1
1348,99,true,704,1
1349,99,true,705,1
1350,99,true,706,1
1351,99,true,707,1
1352,99,true,708,1
1353,99,false,708,1
1354,99,true,709,1
1355,99,false,709,1
1356,99,true,710,1
1357,99,true,711,1
1358,99,true,712,1
1359,99,false,712,1
1360,99,true,713,1
1361,99,true,714,1
1362,99,true,715,1
1363,99,false,715,1
1364,99,false,715,1
1365,99,true,716,2
1366,99,true,717,1
1367,99,true,718,1
1368,99,true,719,1
1369,99,false,719,1
1370,99,false,719,1
1371,99,true,720,0
1372,99,true,721,0
1373,99,true,722,0
1374,99,false,722,0
1375,99,true,723,0
1376,99,false,723,0
1377,99,true,724,0
1378,99,true,725,0
1379,99,false,725,1
1380,99,true,726,1
1381,99,false,726,1
1382,99,false,726,1
1383,99,false,726,1
1384,99,false,726,2
1385,99,false,726,2
1386,99,false,726,0
1387,99,true,727,0
1388,99,true,728,0
1389,99,true,729,0
1390,99,false,729,0
1391,99,true,730,0
1392,99,true,731,0
1393,99,true,732,0
1394,99,true,733,0
1395,99,false,733,0
1396,99,true,734,0
1397,99,true,735,0
1398,99,true,736,0
1399,99,true,737,0
1400,99,false,737,0
1401,99,true,738,0
1402,99,false,738,0
1403,99,false,738,0
1404,99,true,739,0
1405,99,false,739,0
1406,99,true,740,0
1407,99,true,741,0
1408,99,false,741,0
1409,99,false,741,0
1410,99,false,741,0
1411,99,false,741,0
1412,99,true,742,1
1413,99,false,742,1
1414,99,false,742,2
1415,99,true,743,0
1416,99,true,744,0
1417,99,false,744,0
1418,99,false,744,0
1419,99,true,745,0
1420,99,false,745,0
1421,99,false,745,0
1422,99,true,746,0
1423,99,true,747,0
1424,99,false,747,0
1425,99,true,748,0
1426,99,false,748,0
1427,99,false,748,0
1428,99,true,749,0
1429,99,false,749,0
1430,99,true,750,0
1431,99,false,750,0
1432,99,false,750,0
1433,99,false,750,0
1434,99,false,750,0
1435,99,false,750,0
1436,99,false,750,0
1437,99,false,750,0
1438,99,true,751,0
1439,99,true,752,0
1440,99,false,752,0
1441,99,true,753,0
1442,99,false,753,0
1443,99,true,754,0
1444,99,true,755,0
1445,99,true,756,0
1446,99,true,757,0
1447,99,true,758,0
1448,99,false,758,0
1449,99,false,758,0
1450,99,false,758,0
1451,99,false,758,0
1452,99,true,759,0
1453,99,false,759,0
1454,99,true,760,0
1455,99,true,761,0
1456,99,true,762,0
1457,99,false,762,0
1458,99,false,762,0
1459,99,false,762,0
1460,99,false,762,0
1461,99,true,763,0
1462,99,true,764,0
1463,99,false,764,0
1464,99,true,765,0
1465,99,true,766,0
1466,99,true,767,0
1467,99,true,768,0
1468,99,false,768,0
1469,99,false,768,0
1470,99,false,768,0
1471,99,false,768,0
1472,99,true,769,0
1473,99,true,770,0
1474,99,true,771,0
1475,99,true,772,0
1476,99,false,772,0
1477,99,false,772,0
1478,99,true,773,0
1479,99,false,773,0
1480,99,true,774,1
1481,99,true,775,1
1482,99,false,775,1
1483,99,true,776,1
1484,99,true,777,1
1485,99,true,778,1
1486,99,false,778,0
1487,99,true,779,0
1488,99,true,780,0
1489,99,true,781,0
1490,99,false,781,0
1491,99,true,782,0
1492,99,true,783,0
1493,99,true,784,0
1494,99,false,784,0
1495,99,false,784,0
1496,99,true,785,0
1497,99,false,785,0
1498,99,false,785,0
1499,99,true,786,0
1500,99,false,786,0
1501,99,false,786,0
1502,99,false,786,0
1503,99,false,786,0
1504,99,true,787,0
1505,99,true,788,0
1506,99,false,788,0
1507,99,true,789,0
1508,99,false,789,0
1509,99,true,790,0
1510,99,true,791,0
1511,99,false,791,0
1512,99,true,792,0
1513,99,false,792,0
1514,99,true,793,0
1515,99,false,793,0
1516,99,true,794,0
1517,99,false,794,0
1518,99,false,794,0
1519,99,false,794,0
1520,99,true,795,0
1521,99,true,796,0
1522,99,false,796,0
1523,99,true,797,0
1524,99,false,797,0
1525,99,false,797,0
1526,99,true,798,0
1527,99,true,799,0
1528,99,false,799,0
1529,99,true,800,0
1530,99,true,801,0
1531,99,false,801,0
1532,99,false,801,0
1533,99,false,801,0
1534,99,false,801,0
1535,99,true,802,0
1536,99,true,803,0
1537,99,true,804,0
1538,99,true,805,0
1539,99,false,805,0
1540,99,true,806,0
1541,99,false,806,0
1542,99,true,807,0
1543,99,true,808,0
1544,99,false,808,0
1545,99,false,808,0
1546,99,false,808,0
1547,99,true,809,0
1548,99,true,810,0
1549,99,false,810,0
1550,99,false,810,0
1551,99,true,811,0
1552,99,false,811,0
1553,99,false,811,0
1554,99,false,811,0
1555,99,true,812,0
1556,99,false,812,0
1557,99,false,812,0
1558,99,true,813,0
1559,99,false,813,0
1560,99,true,814,0
1561,99,true,815,0
1562,99,false,815,0
1563,99,true,816,0
1564,99,true,817,0
1565,99,false,817,0
1566,99,true,818,0
1567,99,false,818,0
1568,99,false,818,0
1569,99,true,819,0
1570,99,true,820,0
1571,99,false,820,0
1572,99,false,820,0
1573,99,false,820,0
1574,99,false,820,0
1575,99,false,820,0
1576,99,false,820,0
1577,99,true,821,0
1578,99,false,821,0
1579,99,false,821,0
1580,99,true,822,0
1581,99,true,823,0
1582,99,true,824,0
1583,99,true,825,0
1584,99,false,825,0
1585,99,false,825,0
1586,99,true,826,0
1587,99,false,826,0
1588,99,false,826,0
1589,99,true,827,0
1590,99,true,828,0
1591,99,false,828,0
1592,99,false,828,0
1593,99,true,829,1
1594,99,true,830,1
1595,99,true,831,0
1596,99,true,832,0
1597,99,false,832,0
1598,99,false,832,0
1599,99,false,832,1
1600,99,true,833,1
1601,99,true,834,1
1602,99,false,834,1
1603,99,false,834,1
1604,99,false,834,1
1605,99,false,834,1
1606,99,false,834,1
1607,99,true,835,0
1608,99,false,835,0
1609,99,true,836,0
1610,99,false,836,0
1611,99,false,836,0
1612,99,false,836,0
1613,99,false,836,0
1614,99,false,836,0
1615,99,false,836,0
1616,99,false,836,0
1617,99,true,837,0
1618,99,true,838,1
1619,99,false,838,0
1620,99,false,838,0
1621,99,true,839,0
1622,99,true,840,0
1623,99,true,841,0
1624,99,false,841,0
1625,99,true,842,0
1626,99,true,843,0
1627,99,false,843,0
1628,99,false,843,0
1629,99,true,844,0
1630,99,false,844,0
1631,99,false,844,0
1632,99,true,845,0
1633,99,true,846,0
1634,99,true,847,0
1635,99,true,848,0
1636,99,false,848,0
1637,99,true,849,0
1638,99,false,849,0
1639,99,true,850,0
1640,99,false,850,0
1641,99,true,851,0
1642,99,false,851,0
1643,99,false,851,0
1644,99,false,851,0
1645,99,true,852,0
1646,99,false,852,0
1647,99,false,852,0
1648,99,true,853,0
1649,99,true,854,0
1650,99,true,855,0
1651,99,false,855,0
1652,99,true,856,0
1653,99,true,857,0
1654,99,false,857,0
1655,99,false,857,0
1656,99,true,858,0
1657,99,false,858,0
1658,99,true,859,0
1659,99,false,859,0
1660,99,true,860,0
1661,99,true,861,0
1662,99,false,861,0
1663,99,false,861,0
1664,99,false,861,0
1665,99,false,861,0
1666,99,true,862,0
1667,99,true,863,0
1668,99,false,863,1
1669,99,true,864,0
1670,99,true,865,0
1671,99,false,865,0
1672,99,false,865,0
1673,99,false,865,0
1674,99,false,865,0
1675,99,true,866,0
1676,99,true,867,0
1677,99,false,867,0
1678,99,true,868,0
1679,99,false,868,1
1680,99,false,868,0
1681,99,false,868,0
1682,99,false,868,0
1683,99,true,869,0
1684,99,true,870,0
1685,99,true,871,1
1686,99,true,872,0
1687,99,false,872,0
1688,99,false,872,0
1689,99,true,873,0
1690,99,false,873,0
1691,99,false,873,0
1692,99,false,873,0
1693,99,true,874,0
1694,99,true,875,0
1695,99,false,875,0
1696,99,true,876,0
1697,99,false,876,0
1698,99,false,876,0
1699,99,false,876,0
1700,99,true,877,0
1701,99,false,877,0
1702,99,true,878,1
1703,99,true,879,1
1704,99,true,880,1
1705,99,true,881,1
1706,99,true,882,1
1707,99,false,882,1
1708,99,true,883,1
1709,99,true,884,1
1710,99,false,884,1
1711,99,false,884,2
1712,99,false,884,2
1713,99,true,885,2
1714,99,true,886,2
1715,99,false,886,1
1716,99,true,887,1
1717,99,false,887,1
1718,99,true,888,1
1719,99,false,888,1
1720,99,true,889,1
1721,99,false,889,1
1722,99,false,889,1
1723,99,false,889,1
1724,99,true,890,1
1725,99,true,891,1
1726,99,false,891,1
1727,99,true,892,1
1728,99,false,892,1
1729,99,false,892,1
1730,99,false,892,1
1731,99,false,892,1
1732,99,false,892,1
1733,99,true,893,1
1734,99,true,894,1
1735,99,true,895,1
1736,99,true,896,1
1737,99,false,896,1
1738,99,true,897,1
1739,99,false,897,1
1740,99,false,897,1
1741,99,false,897,1
1742,99,false,897,1
1743,99,false,897,1
1744,99,true,898,1
1745,99,false,898,1
1746,99,true,899,1
1747,99,false,899,1
1748,99,false,899,2
1749,99,false,899,1
1750,99,true,900,1
1751,99,false,900,0
1752,99,true,901,0
1753,99,true,902,0
1754,99,true,903,0
1755,99,false,903,0
1756,99,false,903,0
1757,99,true,904,0
1758,99,true,905,0
1759,99,false,905,0
1760,99,false,905,0
1761,99,true,906,0
1762,99,false,906,0
1763,99,true,907,0
1764,99,true,908,0
1765,99,true,909,0
1766,99,true,910,0
1767,99,false,910,0
1768,99,true,911,0
1769,99,true,912,0
1770,99,true,913,0
1771,99,true,914,0
1772,99,false,914,0
1773,99,false,914,0
1774,99,true,915,0
1775,99,true,916,0
1776,99,true,917,0
1777,99,false,917,0
1778,99,true,918,0
1779,99,true,919,0
1780,99,false,919,0
1781,99,false,919,0
1782,99,false,919,0
1783,99,true,920,0
1784,99,false,920,0
1785,99,false,920,0
1786,99,true,921,0
1787,99,true,922,0
1788,99,true,923,0
1789,99,true,924,0
1790,99,true,925,0
1791,99,true,926,0
1792,99,true,927,0
1793,99,true,928,0
1794,99,true,929,0
1795,99,true,930,0
1796,99,false,930,0
1797,99,false,930,0
1798,99,true,931,0
1799,99,true,932,0
1800,99,false,932,0
1801,99,false,932,0
1802,99,false,932,0
1803,99,false,932,0
1804,99,false,932,0
1805,99,true,933,0
1806,99,false,933,0
1807,99,true,934,0
1808,99,false,934,0
1809,99,false,934,0
1810,99,true,935,0
1811,99,true,936,0
1812,99,false,936,0
1813,99,true,937,0
1814,99,true,938,0
1815,99,false,938,0
1816,99,true,939,0
1817,99,true,940,0
1818,99,true,941,0
1819,99,true,942,0
1820,99,false,942,0
1821,99,false,942,0
1822,99,false,942,0
1823,99,false,942,0
1824,99,true,943,0
1825,99,false,943,0
1826,99,true,944,0
1827,99,true,945,0
1828,99,false,945,0
1829,99,true,946,0
1830,99,true,947,0
1831,99,false,947,0
1832,99,false,947,0
1833,99,true,948,0
1834,99,true,949,0
1835,99,false,949,0
1836,99,false,949,0
1837,99,true,950,0
1838,99,false,950,0
1839,99,true,951,0
1840,99,false,951,0
1841,99,true,952,0
1842,99,true,953,0
1843,99,true,954,0
1844,99,false,954,0
1845,99,false,954,0
1846,99,false,954,0
1847,99,true,955,0
1848,99,true,956,0
1849,99,false,956,0
1850,99,true,957,0
1851,99,false,957,0
1852,99,false,957,0
1853,99,false,957,0
1854,99,false,957,0
1855,99,false,957,0
1856,99,false,957,0
1857,99,true,958,0
1858,99,true,959,0
1859,99,true,960,0
1860,99,false,960,0
1861,99,true,961,0
1862,99,false,961,0
1863,99,false,961,0
1864,99,true,962,0
1865,99,true,963,0
1866,99,true,964,0
1867,99,true,965,0
1868,99,false,965,0
1869,99,true,966,0
1870,99,true,967,0
1871,99,true,968,0
1872,99,false,968,0
1873,99,false,968,0
1874,99,true,969,0
1875,99,true,970,0
1876,99,false,970,0
1877,99,false,970,0
1878,99,false,970,0
1879,99,true,971,0
1880,99,true,972,0
1881,99,true,973,0
1882,99,true,974,0
1883,99,false,974,0
1884,99,true,975,0
1885,99,true,976,0
1886,99,false,976,0
1887,99,true,977,0
1888,99,false,977,0
1889,99,true,978,0
1890,99,true,979,0
1891,99,true,980,0
1892,99,true,981,0
1893,99,true,982,0
1894,99,true,983,0
1895,99,true,984,0
1896,99,true,985,0
1897,99,false,985,0
1898,99,true,986,0
1899,99,false,986,0
1900,99,true,987,0
1901,99,true,988,0
1902,99,false,988,0
1903,99,true,989,0
1904,99,true,990,0
1905,99,false,990,0
1906,99,false,990,0
1907,99,true,991,0
1908,99,true,992,0
1909,99,false,992,0
1910,99,false,992,0
1911,99,true,993,0
1912,99,true,994,0
1913,99,true,995,0
1914,99,true,996,0
1915,99,false,996,0
1916,99,true,997,0
1917,99,false,997,0
1918,99,true,998,0
1919,99,false,998,0
1920,99,false,998,0
1921,99,false,998,0
1922,99,false,998,0
1923,99,true,999,0
1924,99,true,1000,0
1925,99,true,1001,0
1926,99,true,1002,0
1927,99,true,1003,0
1928,99,true,1004,0
1929,99,false,1004,0
1930,99,true,1005,0
1931,99,false,1005,0
1932,99,false,1005,0
1933,99,true,1006,0
1934,99,true,1007,0
1935,99,false,1007,1
1936,99,true,1008,0
1937,99,false,1008,0
1938,99,true,1009,0
1939,99,true,1010,0
1940,99,true,1011,0
1941,99,true,1012,0
1942,99,true,1013,0
1943,99,true,1014,0
1944,99,true,1015,0
1945,99,false,1015,0
1946,99,false,1015,0
1947,99,false,1015,0
1948,99,true,1016,0
1949,99,true,1017,0
1950,99,true,1018,0
1951,99,true,1019,0
1952,99,false,1019,0
1953,99,true,1020,0
1954,99,true,1021,1
1955,99,false,1021,1
1956,99,false,1021,1
1957,99,false,1021,1
1958,99,false,1021,2
1959,99,false,1021,1
1960,99,true,1022,1
1961,99,true,1023,1
1962,99,false,1023,1
1963,99,false,1023,0
1964,99,true,1024,0
1965,99,true,1025,0
1966,99,false,1025,0
1967,99,false,1025,0
1968,99,true,1026,0
1969,99,false,1026,0
1970,99,false,1026,0
1971,99,false,1026,0
1972,99,true,1027,0
1973,99,true,1028,0
1974,99,true,1029,0
1975,99,true,1030,0
1976,99,true,1031,0
1977,99,true,1032,0
1978,99,false,1032,0
1979,99,true,1033,0
1980,99,false,1033,0
1981,99,true,1034,0
1982,99,false,1034,0
1983,99,true,1035,0
1984,99,false,1035,0
1985,99,false,1035,0
1986,99,false,1035,0
1987,99,true,1036,0
1988,99,false,1036,0
1989,99,false,1036,0
1990,99,true,1037,0
1991,99,true,1038,0
1992,99,false,1038,0
1993,99,false,1038,0
1994,99,true,1039,0
1995,99,false,1039,0
1996,99,true,1040,0
1997,99,true,1041,0
1998,99,true,1042,0
1999,99,false,1042,0
2000,99,false,1042,0
2001,99,true,1043,0
2002,99,false,1043,0
2003,99,true,1044,0
2004,99,true,1045,0
2005,99,true,1046,0
2006,99,true,1047,0
2007,99,true,1048,0
2008,99,true,1049,0
2009,99,false,1049,0
2010,99,false,1049,1
2011,99,true,1050,0
2012,99,false,1050,0
2013,99,false,1050,0
2014,99,true,1051,0
2015,99,true,1052,0
2016,99,true,1053,0
2017,99,true,1054,0
2018,99,true,1055,0
2019,99,true,1056,0
2020,99,true,1057,0
2021,99,true,1058,0
2022,99,false,1058,0
2023,99,true,1059,0
2024,99,false,1059,0
2025,99,true,1060,0
2026,99,true,1061,0
2027,99,true,1062,0
2028,99,false,1062,0
2029,99,false,1062,0
2030,99,false,1062,0
2031,99,false,1062,0
2032,99,false,1062,0
2033,99,true,1063,0
2034,99,true,1064,0
2035,99,false,1064,0
2036,99,true,1065,0
2037,99,true,1066,0
2038,99,false,1066,0
2039,99,true,1067,0
2040,99,true,1068,0
2041,99,true,1069,0
2042,99,false,1069,0
2043,99,true,1070,0
2044,99,true,1071,0
2045,99,false,1071,0
2046,99,true,1072,0
2047,99,false,1072,0
2048,99,true,1073,0
2049,99,true,1074,0
2050,99,true,1075,0
2051,99,true,1076,0
2052,99,false,1076,0
2053,99,false,1076,0
2054,99,false,1076,0
2055,99,true,1077,0
2056,99,false,1077,0
2057,99,true,1078,0
2058,99,false,1078,0
2059,99,true,1079,0
2060,99,true,1080,0
2061,99,false,1080,0
2062,99,false,1080,0
2063,99,false,1080,0
2064,99,true,1081,0
2065,99,true,1082,0
2066,99,false,1082,0
2067,99,false,1082,0
2068,99,false,1082,0
2069,99,true,1083,1
2070,99,false,1083,1
2071,99,false,1083,0
2072,99,false,1083,1
2073,99,false,1083,1
2074,99,false,1083,1
2075,99,true,1084,1
2076,99,false,1084,0
2077,99,true,1085,0
2078,99,false,1085,0
2079,99,false,1085,0
2080,99,false,1085,0
2081,99,false,1085,0
2082,99,false,1085,0
2083,99,false,1085,0
2084,99,false,1085,0
2085,99,true,1086,0
2086,99,true,1087,0
2087,99,false,1087,0
2088,99,false,1087,0
2089,99,false,1087,0
2090,99,true,1088,0
2091,99,true,1089,0
2092,99,false,1089,0
2093,99,false,1089,0
2094,99,false,1089,0
2095,99,false,1089,0
2096,99,true,1090,0
2097,99,true,1091,0
2098,99,false,1091,0
2099,99,false,1091,0
2100,99,false,1091,0
2101,99,true,1092,0
2102,99,true,1093,0
2103,99,true,1094,0
2104,99,true,1095,0
2105,99,true,1096,0
2106,99,false,1096,0
2107,99,false,1096,0
2108,99,false,1096,0
2109,99,true,1097,0
2110,99,true,1098,0
2111,99,true,1099,0
2112,99,true,1100,0
2113,99,true,1101,0
2114,99,true,1102,0
2115,99,false,1102,0
2116,99,true,1103,0
2117,99,false,1103,0
2118,99,false,1103,0
2119,99,true,1104,0
2120,99,true,1105,0
2121,99,false,1105,0
2122,99,false,1105,0
2123,99,true,1106,0
2124,99,false,1106,0
2125,99,true,1107,0
2126,99,true,1108,0
2127,99,false,1108,0
2128,99,false,1108,0
2129,99,false,1108,0
2130,99,false,1108,0
2131,99,false,1108,0
2132,99,false,1108,0
2133,99,true,1109,0
2134,99,true,1110,0
2135,99,false,1110,0
2136,99,false,1110,0
2137,99,false,1110,0
2138,99,true,1111,0
2139,99,true,1112,0
2140,99,true,1113,0
2141,99,true,1114,1
2142,99,true,1115,0
2143,99,true,1116,0
2144,99,false,1116,0
2145,99,true,1117,0
2146,99,false,1117,0
2147,99,false,1117,0
2148,99,false,1117,0
2149,99,false,1117,0
2150,99,false,1117,0
2151,99,true,1118,0
2152,99,true,1119,0
2153,99,true,1120,0
2154,99,true,1121,0
2155,99,false,1121,0
2156,99,true,1122,0
2157,99,false,1122,0
2158,99,true,1123,0
2159,99,true,1124,0
2160,99,true,1125,0
2161,99,true,1126,0
2162,99,false,1126,0
2163,99,true,1127,0
2164,99,true,1128,0
2165,99,true,1129,0
2166,99,false,1129,0
2167,99,false,1129,0
2168,99,true,1130,0
2169,99,true,1131,0
2170,99,true,1132,0
2171,99,false,1132,0
2172,99,true,1133,0
2173,99,true,1134,0
2174,99,false,1134,0
2175,99,false,1134,0
2176,99,true,1135,0
2177,99,true,1136,0
2178,99,true,1137,1
2179,99,false,1137,1
2180,99,true,1138,1
2181,99,true,1139,0
2182,99,false,1139,0
2183,99,false,1139,0
2184,99,true,1140,0
2185,99,false,1140,0
2186,99,false,1140,0
2187,99,false,1140,1
2188,99,false,1140,0
2189,99,true,1141,0
2190,99,false,1141,0
2191,99,false,1141,0
2192,99,true,1142,0
2193,99,true,1143,0
2194,99,true,1144,0
2195,99,false,1144,0
2196,99,false,1144,0
2197,99,true,1145,0
2198,99,true,1146,0
2199,99,false,1146,0
2200,99,false,1146,0
2201,99,true,1147,0
2202,99,true,1148,0
2203,99,false,1148,0
2204,99,true,1149,0
2205,99,false,1149,0
2206,99,true,1150,0
2207,99,false,1150,0
2208,99,true,1151,0
2209,99,false,1151,0
2210,99,true,1152,0
2211,99,true,1153,0
2212,99,false,1153,0
2213,99,true,1154,0
2214,99,false,1154,0
2215,99,true,1155,0
2216,99,true,1156,0
2217,99,false,1156,0
2218,99,true,1157,0
2219,99,true,1158,0
2220,99,true,1159,0
2221,99,true,1160,0
2222,99,true,1161,0
2223,99,true,1162,0
2224,99,true,1163,0
2225,99,false,1163,0
2226,99,true,1164,0
2227,99,false,1164,0
2228,99,true,1165,0
2229,99,true,1166,0
2230,99,true,1167,0
2231,99,false,1167,0
2232,99,true,1168,0
2233,99,false,1168,0
2234,99,false,1168,0
2235,99,true,1169,0
2236,99,false,1169,0
2237,99,true,1170,0
2238,99,true,1171,0
2239,99,true,1172,0
2240,99,true,1173,0
2241,99,false,1173,0
2242,99,false,1173,0
2243,99,true,1174,0
2244,99,true,1175,0
2245,99,false,1175,0
2246,99,false,1175,0
2247,99,true,1176,0
2248,99,true,1177,0
2249,99,false,1177,1
2250,99,true,1178,1
2251,99,false,1178,1
2252,99,true,1179,1
2253,99,false,1179,1
2254,99,false,1179,1
2255,99,true,1180,1
2256,99,true,1181,1
2257,99,true,1182,1
2258,99,true,1183,1
2259,99,true,1184,1
2260,99,true,1185,1
2261,99,true,1186,1
2262,99,false,1186,1
2263,99,true,1187,1
2264,99,true,1188,1
2265,99,false,1188,0
2266,99,true,1189,0
2267,99,false,1189,0
2268,99,false,1189,0
2269,99,true,1190,0
2270,99,true,1191,0
2271,99,true,1192,0
2272,99,true,1193,0
2273,99,true,1194,1
2274,99,true,1195,1
2275,99,true,1196,0
2276,99,false,1196,0
2277,99,false,1196,0
2278,99,false,1196,0
2279,99,false,1196,0
2280,99,true,1197,0
2281,99,false,1197,0
2282,99,false,1197,0
2283,99,true,1198,0
2284,99,false,1198,0
2285,99,true,1199,0
2286,99,true,1200,0
2287,99,false,1200,0
2288,99,false,1200,0
2289,99,true,1201,0
2290,99,true,1202,0
2291,99,false,1202,0
2292,99,false,1202,0
2293,99,false,1202,0
2294,99,false,1202,0
2295,99,false,1202,0
2296,99,true,1203,0
2297,99,true,1204,0
2298,99,true,1205,0
2299,99,false,1205,0
2300,99,false,1205,0
2301,99,false,1205,0
2302,99,false,1205,0
2303,99,false,1205,0
2304,99,true,1206,0
2305,99,true,1207,0
2306,99,false,1207,0
2307,99,false,1207,0
2308,99,true,1208,0
2309,99,false,1208,0
2310,99,false,1208,0
2311,99,false,1208,0
2312,99,true,1209,0
2313,99,true,1210,0
2314,99,false,1210,0
2315,99,true,1211,0
2316,99,false,1211,0
2317,99,true,1212,0
2318,99,false,1212,0
2319,99,false,1212,0
2320,99,false,1212,0
2321,99,true,1213,0
2322,99,false,1213,0
2323,99,false,1213,0
2324,99,false,1213,0
2325,99,false,1213,0
2326,99,true,1214,0
2327,99,false,1214,0
2328,99,false,1214,0
2329,99,false,1214,0
2330,99,true,1215,0
2331,99,true,1216,0
2332,99,true,1217,0
2333,99,false,1217,0
2334,99,true,1218,0
2335,99,true,1219,0
2336,99,true,1220,0
2337,99,false,1220,0
2338,99,true,1221,0
2339,99,false,1221,0
2340,99,false,1221,0
2341,99,false,1221,0
2342,99,true,1222,0
2343,99,true,1223,0
2344,99,false,1223,0
2345,99,true,1224,0
2346,99,true,1225,0
2347,99,true,1226,0
2348,99,false,1226,0
2349,99,true,1227,0
2350,99,false,1227,0
2351,99,false,1227,0
2352,99,false,1227,0
2353,99,false,1227,0
2354,99,true,1228,0
2355,99,true,1229,0
2356,99,false,1229,0
2357,99,false,1229,0
2358,99,false,1229,0
2359,99,true,1230,0
2360,99,true,1231,0
2361,99,true,1232,0
2362,99,false,1232,0
2363,99,true,1233,0
2364,99,true,1234,0
2365,99,false,1234,0
2366,99,true,1235,0
2367,99,true,1236,0
2368,99,true,1237,0
2369,99,true,1238,0
2370,99,true,1239,0
2371,99,false,1239,0
2372,99,false,1239,0
2373,99,true,1240,0
2374,99,false,1240,0
2375,99,false,1240,0
2376,99,true,1241,0
2377,99,true,1242,0
2378,99,true,1243,0
2379,99,true,1244,0
2380,99,true,1245,0
2381,99,false,1245,0
2382,99,false,1245,0
2383,99,false,1245,1
2384,99,false,1245,0
2385,99,true,1246,0
2386,99,false,1246,0
2387,99,true,1247,0
2388,99,true,1248,0
2389,99,true,1249,0
2390,99,true,1250,0
2391,99,false,1250,0
2392,99,true,1251,0
2393,99,true,1252,0
2394,99,false,1252,0
2395,99,false,1252,0
2396,99,true,1253,0
2397,99,true,1254,0
2398,99,false,1254,0
2399,99,true,1255,0
2400,99,false,1255,0
2401,99,false,1255,0
2402,99,false,1255,0
2403,99,true,1256,0
2404,99,true,1257,0
2405,99,false,1257,0
2406,99,true,1258,0
2407,99,false,1258,0
2408,99,true,1259,0
2409,99,false,1259,0
2410,99,true,1260,0
2411,99,false,1260,0
2412,99,false,1260,0
2413,99,true,1261,0
2414,99,true,1262,0
2415,99,true,1263,0
2416,99,false,1263,0
2417,99,false,1263,0
2418,99,false,1263,0
2419,99,true,1264,0
2420,99,true,1265,0
2421,99,false,1265,0
2422,99,false,1265,0
2423,99,true,1266,0
2424,99,false,1266,0
2425,99,false,1266,0
2426,99,false,1266,0
2427,99,true,1267,0
2428,99,false,1267,0
2429,99,false,1267,0
2430,99,true,1268,0
2431,99,false,1268,0
2432,99,true,1269,0
2433,99,false,1269,0
2434,99,true,1270,0
2435,99,false,1270,0
2436,99,false,1270,0
2437,99,false,1270,0
2438,99,true,1271,0
2439,99,true,1272,0
2440,99,true,1273,0
2441,99,true,1274,0
2442,99,false,1274,0
2443,99,true,1275,0
2444,99,false,1275,0
2445,99,true,1276,0
2446,99,true,1277,0
2447,99,false,1277,1
2448,99,true,1278,1
2449,99,false,1278,1
2450,99,false,1278,1
2451,99,false,1278,1
2452,99,true,1279,1
2453,99,false,1279,0
2454,99,true,1280,0
2455,99,true,1281,0
2456,99,true,1282,0
2457,99,true,1283,0
2458,99,true,1284,0
2459,99,true,1285,0
2460,99,true,1286,0
2461,99,true,1287,0
2462,99,true,1288,0
2463,99,true,1289,0
2464,99,false,1289,0
2465,99,true,1290,0
2466,99,true,1291,0
2467,99,true,1292,0
2468,99,true,1293,0
2469,99,true,1294,0
2470,99,false,1294,0
2471,99,true,1295,0
2472,99,true,1296,0
2473,99,false,1296,0
2474,99,true,1297,0
2475,99,true,1298,0
2476,99,false,1298,0
2477,99,true,1299,0
2478,99,false,1299,0
2479,99,true,1300,0
2480,99,true,1301,0
2481,99,false,1301,0
2482,99,true,1302,0
2483,99,false,1302,0
2484,99,false,1302,0
2485,99,false,1302,0
2486,99,true,1303,0
2487,99,false,1303,0
2488,99,true,1304,0
2489,99,false,1304,0
2490,99,false,1304,0
2491,99,false,1304,0
2492,99,false,1304,0
2493,99,true,1305,0
2494,99,false,1305,0
2495,99,true,1306,0
2496,99,true,1307,0
2497,99,true,1308,0
2498,99,true,1309,0
2499,99,true,1310,0
2500,99,true,1311,0
2501,99,true,1312,0
2502,99,true,1313,0
2503,99,true,1314,0
2504,99,true,1315,1
2505,99,true,1316,1
2506,99,false,1316,0
2507,99,true,1317,0
2508,99,false,1317,0
2509,99,false,1317,0
2510,99,false,1317,0
2511,99,false,1317,0
2512,99,false,1317,0
2513,99,false,1317,0
2514,99,false,1317,0
2515,99,false,1317,0
2516,99,true,1318,0
2517,99,false,1318,0
2518,99,true,1319,0
2519,99,true,1320,0
2520,99,false,1320,0
2521,99,true,1321,0
2522,99,false,1321,0
2523,99,false,1321,0
2524,99,true,1322,0
2525,99,true,1323,0
2526,99,true,1324,0
2527,99,true,1325,0
2528,99,true,1326,0
2529,99,true,1327,0
2530,99,false,1327,1
2531,99,true,1328,0
2532,99,false,1328,0
2533,99,true,1329,0
2534,99,false,1329,0
2535,99,false,1329,0
2536,99,true,1330,0
2537,99,false,1330,1
2538,99,false,1330,1
2539,99,true,1331,0
2540,99,true,1332,0
2541,99,false,1332,0
2542,99,false,1332,0
2543,99,false,1332,0
2544,99,false,1332,0
2545,99,false,1332,0
2546,99,false,1332,0
2547,99,false,1332,0
2548,99,false,1332,0
2549,99,false,1332,0
2550,99,false,1332,0
2551,99,false,1332,0
2552,99,false,1332,0
2553,99,false,1332,0
2554,99,true,1333,0
2555,99,true,1334,0
2556,99,true,1335,0
2557,99,false,1335,0
2558,99,false,1335,0
2559,99,true,1336,0
2560,99,true,1337,0
2561,99,false,1337,0
2562,99,false,1337,0
2563,99,true,1338,0
2564,99,false,1338,0
2565,99,true,1339,0
2566,99,true,1340,0
2567,99,false,1340,0
2568,99,false,1340,0
2569,99,false,1340,0
2570,99,false,1340,0
2571,99,false,1340,0
2572,99,true,1341,0
2573,99,false,1341,0
2574,99,true,1342,0
2575,99,true,1343,0
2576,99,false,1343,0
2577,99,false,1343,0
2578,99,true,1344,0
2579,99,false,1344,0
2580,99,true,1345,0
2581,99,true,1346,0
2582,99,true,1347,0
2583,99,true,1348,0
2584,99,false,1348,0
2585,99,true,1349,0
2586,99,false,1349,0
2587,99,false,1349,0
2588,99,false,1349,0
2589,99,false,1349,0
2590,99,true,1350,0
2591,99,false,1350,0
2592,99,false,1350,0
2593,99,false,1350,0
2594,99,true,1351,0
2595,99,true,1352,0
2596,99,false,1352,0
2597,99,true,1353,0
2598,99,false,1353,0
2599,99,false,1353,0
2600,99,false,1353,0
2601,99,false,1353,0
2602,99,false,1353,0
2603,99,true,1354,0
2604,99,false,1354,0
2605,99,true,1355,0
2606,99,true,1356,0
2607,99,false,1356,0
2608,99,false,1356,0
2609,99,false,1356,0
2610,99,true,1357,0
2611,99,true,1358,0
2612,99,true,1359,0
2613,99,true,1360,0
2614,99,true,1361,0
2615,99,true,1362,0
2616,99,false,1362,0
2617,99,true,1363,0
2618,99,true,1364,0
2619,99,false,1364,0
2620,99,false,1364,0
2621,99,false,1364,0
2622,99,false,1364,0
2623,99,true,1365,0
2624,99,true,1366,0
2625,99,true,1367,0
2626,99,true,1368,0
2627,99,false,1368,0
2628,99,false,1368,0
2629,99,true,1369,0
2630,99,true,1370,0
2631,99,true,1371,0
2632,99,true,1372,0
2633,99,true,1373,0
2634,99,true,1374,0
2635,99,false,1374,0
2636,99,true,1375,0
2637,99,false,1375,0
2638,99,true,1376,0
2639,99,true,1377,0
2640,99,false,1377,0
2641,99,true,1378,1
2642,99,true,1379,1
2643,99,true,1380,1
2644,99,true,1381,1
2645,99,false,1381,1
2646,99,false,1381,1
2647,99,true,1382,1
2648,99,false,1382,1
2649,99,true,1383,2
2650,99,true,1384,2
2651,99,false,1384,2
2652,99,true,1385,2
2653,99,true,1386,2
2654,99,true,1387,2
2655,99,false,1387,2
2656,99,false,1387,3
2657,99,false,1387,3
2658,99,true,1388,2
2659,99,true,1389,2
2660,99,false,1389,2
2661,99,true,1390,2
2662,99,true,1391,3
2663,99,false,1391,3
2664,99,true,1392,3
2665,99,false,1392,3
2666,99,true,1393,2
2667,99,false,1393,2
2668,99,false,1393,3
2669,99,false,1393,3
2670,99,true,1394,2
2671,99,true,1395,2
2672,99,false,1395,2
2673,99,false,1395,2
2674,99,false,1395,2
2675,99,false,1395,2
2676,99,false,1395,2
2677,99,true,1396,2
2678,99,false,1396,2
2679,99,false,1396,2
2680,99,false,1396,2
2681,99,false,1396,2
2682,99,true,1397,2
2683,99,true,1398,2
2684,99,true,1399,2
2685,99,false,1399,1
2686,99,true,1400,1
2687,99,true,1401,1
2688,99,false,1401,1
2689,99,true,1402,1
2690,99,false,1402,1
2691,99,true,1403,1
2692,99,false,1403,1
2693,99,true,1404,1
2694,99,false,1404,1
2695,99,false,1404,1
2696,99,false,1404,1
2697,99,true,1405,1
2698,99,true,1406,1
2699,99,true,1407,1
2700,99,false,1407,1
2701,99,false,1407,1
2702,99,true,1408,1
2703,99,true,1409,0
2704,99,true,1410,0
2705,99,false,1410,0
2706,99,false,1410,0
2707,99,true,1411,0
2708,99,true,1412,0
2709,99,true,1413,0
2710,99,false,1413,0
2711,99,true,1414,0
2712,99,true,1415,0
2713,99,true,1416,0
2714,99,true,1417,0
2715,99,true,1418,0
2716,99,false,1418,0
2717,99,false,1418,0
2718,99,false,1418,0
2719,99,true,1419,0
2720,99,true,1420,0
2721,99,false,1420,0
2722,99,false,1420,0
2723,99,false,1420,0
2724,99,false,1420,0
2725,99,true,1421,0
2726,99,true,1422,0
2727,99,false,1422,0
2728,99,false,1422,0
2729,99,true,1423,0
2730,99,false,1423,0
2731,99,true,1424,0
2732,99,true,1425,0
2733,99,true,1426,0
2734,99,true,1427,0
2735,99,false,1427,0
2736,99,true,1428,0
2737,99,true,1429,0
2738,99,true,1430,0
2739,99,false,1430,0
2740,99,true,1431,0
2741,99,false,1431,0
2742,99,false,1431,0
2743,99,true,1432,0
2744,99,true,1433,0
2745,99,false,1433,0
2746,99,false,1433,0
2747,99,true,1434,0
2748,99,false,1434,0
2749,99,false,1434,0
2750,99,true,1435,0
2751,99,false,1435,0
2752,99,false,1435,0
2753,99,true,1436,0
2754,99,false,1436,0
2755,99,false,1436,0
2756,99,false,1436,1
2757,99,true,1437,1
2758,99,false,1437,1
2759,99,false,1437,0
2760,99,false,1437,0
2761,99,false,1437,0
2762,99,true,1438,0
2763,99,true,1439,0
2764,99,true,1440,0
2765,99,false,1440,0
2766,99,true,1441,0
2767,99,true,1442,1
2768,99,true,1443,1
2769,99,true,1444,1
2770,99,true,1445,1
2771,99,true,1446,1
2772,99,false,1446,1
2773,99,true,1447,1
2774,99,true,1448,1
2775,99,true,1449,0
2776,99,false,1449,0
2777,99,true,1450,0
2778,99,true,1451,0
2779,99,true,1452,0
2780,99,true,1453,0
2781,99,false,1453,0
2782,99,true,1454,0
2783,99,true,1455,0
2784,99,false,1455,0
2785,99,false,1455,0
2786,99,true,1456,0
2787,99,false,1456,0
2788,99,true,1457,0
2789,99,true,1458,0
2790,99,false,1458,0
2791,99,false,1458,0
2792,99,true,1459,0
2793,99,true,1460,0
2794,99,true,1461,0
2795,99,false,1461,0
2796,99,true,1462,0
2797,99,false,1462,0
2798,99,false,1462,0
2799,99,false,1462,0
2800,99,false,1462,0
2801,99,false,1462,0
2802,99,true,1463,0
2803,99,true,1464,0
2804,99,true,1465,0
2805,99,true,1466,0
2806,99,true,1467,0
2807,99,false,1467,0
2808,99,false,1467,0
2809,99,true,1468,0
2810,99,false,1468,0
2811,99,true,1469,0
2812,99,true,1470,0
2813,99,false,1470,0
2814,99,false,1470,0
2815,99,false,1470,0
2816,99,true,1471,0
2817,99,true,1472,0
2818,99,true,1473,0
2819,99,true,1474,0
2820,99,false,1474,0
2821,99,false,1474,0
2822,99,false,1474,1
2823,99,false,1474,0
2824,99,true,1475,0
2825,99,true,1476,1
2826,99,false,1476,1
2827,99,false,1476,1
2828,99,false,1476,1
2829,99,false,1476,1
2830,99,false,1476,1
2831,99,true,1477,1
2832,99,true,1478,1
2833,99,true,1479,1
2834,99,false,1479,1
2835,99,false,1479,1
2836,99,true,1480,1
2837,99,true,1481,1
2838,99,false,1481,1
2839,99,true,1482,1
2840,99,false,1482,1
2841,99,false,1482,1
2842,99,false,1482,1
2843,99,false,1482,1
2844,99,true,1483,2
2845,99,true,1484,2
2846,99,true,1485,2
2847,99,true,1486,2
2848,99,true,1487,2
2849,99,true,1488,2
2850,99,true,1489,2
2851,99,true,1490,1
2852,99,false,1490,1
2853,99,false,1490,0
2854,99,true,1491,0
2855,99,true,1492,0
2856,99,false,1492,0
2857,99,false,1492,0
2858,99,true,1493,0
2859,99,false,1493,0
2860,99,true,1494,0
2861,99,false,1494,0
2862,99,false,1494,0
2863,99,false,1494,0
2864,99,false,1494,0
2865,99,false,1494,0
2866,99,false,1494,0
2867,99,true,1495,0
2868,99,false,1495,0
2869,99,false,1495,0
2870,99,false,1495,0
2871,99,false,1495,0
2872,99,false,1495,0
2873,99,false,1495,0
2874,99,false,1495,0
2875,99,false,1495,0
2876,99,true,1496,0
2877,99,true,1497,0
2878,99,false,1497,0
2879,99,true,1498,0
2880,99,false,1498,0
2881,99,false,1498,0
2882,99,false,1498,0
2883,99,false,1498,0
2884,99,true,1499,0
2885,99,false,1499,0
2886,99,true,1500,0
2887,99,false,1500,0
2888,99,false,1500,0
2889,99,true,1501,0
2890,99,true,1502,0
2891,99,true,1503,0
2892,99,false,1503,0
2893,99,true,1504,0
2894,99,true,1505,0
2895,99,false,1505,0
2896,99,false,1505,0
2897,99,false,1505,0
2898,99,false,1505,0
2899,99,false,1505,0
2900,99,false,1505,0
2901,99,false,1505,0
2902,99,true,1506,0
2903,99,true,1507,0
2904,99,false,1507,0
2905,99,true,1508,0
2906,99,true,1509,0
2907,99,true,1510,0
2908,99,true,1511,0
2909,99,false,1511,0
2910,99,false,1511,0
2911,99,true,1512,0
2912,99,false,1512,0
2913,99,false,1512,0
2914,99,false,1512,0
2915,99,true,1513,0
2916,99,true,1514,0
2917,99,false,1514,0
2918,99,true,1515,0
2919,99,false,1515,0
2920,99,true,1516,0
2921,99,false,1516,0
2922,99,true,1517,0
2923,99,false,1517,0
2924,99,false,1517,0
2925,99,true,1518,0
2926,99,true,1519,0
2927,99,false,1519,0
2928,99,false,1519,0
2929,99,true,1520,0
2930,99,true,1521,0
2931,99,true,1522,1
2932,99,false,1522,1
2933,99,true,1523,1
2934,99,true,1524,1
2935,99,false,1524,1
2936,99,true,1525,1
2937,99,false,1525,1
2938,99,true,1526,1
2939,99,false,1526,1
2940,99,false,1526,1
2941,99,true,1527,1
2942,99,true,1528,1
2943,99,false,1528,1
2944,99,false,1528,1
2945,99,true,1529,1
2946,99,true,1530,1
2947,99,true,1531,1
2948,99,false,1531,1
2949,99,false,1531,1
2950,99,false,1531,1
2951,99,true,1532,1
2952,99,true,1533,1
2953,99,false,1533,1
2954,99,false,1533,1
2955,99,true,1534,1
2956,99,false,1534,1
2957,99,false,1534,1
2958,99,false,1534,1
2959,99,true,1535,1
2960,99,false,1535,1
2961,99,false,1535,1
2962,99,false,1535,1
2963,99,false,1535,1
2964,99,false,1535,2
2965,99,true,1536,1
2966,99,true,1537,1
2967,99,false,1537,1
2968,99,false,1537,1
2969,99,true,1538,1
2970,99,true,1539,1
2971,99,false,1539,1
2972,99,true,1540,1
2973,99,false,1540,1
2974,99,true,1541,1
2975,99,true,1542,1
2976,99,true,1543,1
2977,99,true,1544,1
2978,99,true,1545,1
2979,99,true,1546,1
2980,99,false,1546,1
2981,99,false,1546,1
2982,99,true,1547,1
2983,99,false,1547,1
2984,99,false,1547,1
2985,99,false,1547,1
2986,99,true,1548,1
2987,99,true,1549,1
2988,99,false,1549,1
2989,99,true,1550,1
2990,99,false,1550,1
2991,99,true,1551,1
2992,99,false,1551,1
2993,99,false,1551,1
2994,99,false,1551,1
2995,99,false,1551,1
2996,99,true,1552,1
2997,99,true,1553,1
2998,99,false,1553,1
2999,99,false,1553,1
3000,99,false,1553,1
3001,99,false,1553,1
3002,99,false,1553,1
3003,99,false,1553,1
3004,99,true,1554,1
3005,99,false,1554,1
3006,99,false,1554,1
3007,99,false,1554,1
3008,99,true,1555,1
3009,99,true,1556,1
3010,99,true,1557,1
3011,99,true,1558,1
3012,99,false,1558,1
3013,99,false,1558,1
3014,99,true,1559,1
3015,99,true,1560,1
3016,99,false,1560,1
3017,99,false,1560,1
3018,99,true,1561,1
3019,99,false,1561,1
3020,99,true,1562,1
3021,99,false,1562,1
3022,99,false,1562,1
3023,99,false,1562,1
3024,99,false,1562,1
3025,99,true,1563,1
3026,99,true,1564,0
3027,99,false,1564,0
3028,99,false,1564,0
3029,99,false,1564,0
3030,99,true,1565,0
3031,99,true,1566,0
3032,99,false,1566,0
3033,99,false,1566,0
3034,99,true,1567,0
3035,99,true,1568,0
3036,99,true,1569,0
3037,99,false,1569,1
3038,99,true,1570,1
3039,99,false,1570,1
3040,99,true,1571,1
3041,99,true,1572,1
3042,99,true,1573,1
3043,99,false,1573,1
3044,99,false,1573,1
3045,99,true,1574,1
3046,99,true,1575,1
3047,99,false,1575,1
3048,99,false,1575,1
3049,99,true,1576,1
3050,99,false,1576,1
3051,99,true,1577,1
3052,99,false,1577,1
3053,99,false,1577,1
3054,99,false,1577,1
3055,99,false,1577,1
3056,99,true,1578,2
3057,99,true,1579,1
3058,99,false,1579,1
3059,99,false,1579,1
3060,99,true,1580,0
3061,99,true,1581,0
3062,99,true,1582,0
3063,99,true,1583,0
3064,99,false,1583,0
3065,99,false,1583,0
3066,99,true,1584,0
3067,99,false,1584,0
3068,99,true,1585,0
3069,99,true,1586,0
3070,99,false,1586,0
3071,99,false,1586,0
3072,99,false,1586,0
3073,99,true,1587,0
3074,99,false,1587,0
3075,99,false,1587,0
3076,99,false,1587,0
3077,99,false,1587,0
3078,99,true,1588,0
3079,99,false,1588,0
3080,99,true,1589,0
3081,99,false,1589,1
3082,99,false,1589,0
3083,99,true,1590,1
3084,99,false,1590,1
3085,99,false,1590,1
3086,99,false,1590,1
3087,99,true,1591,1
3088,99,false,1591,1
3089,99,false,1591,1
3090,99,false,1591,1
3091,99,true,1592,1
3092,99,true,1593,1
3093,99,true,1594,1
3094,99,false,1594,1
3095,99,false,1594,1
3096,99,false,1594,1
3097,99,true,1595,0
3098,99,true,1596,0
3099,99,true,1597,0
3100,99,true,1598,0
3101,99,true,1599,0
3102,99,true,1600,0
3103,99,true,1601,0
3104,99,false,1601,0
3105,99,false,1601,0
3106,99,true,1602,0
3107,99,false,1602,0
3108,99,false,1602,1
3109,99,false,1602,1
3110,99,false,1602,0
3111,99,true,1603,0
3112,99,true,1604,0
3113,99,false,1604,1
3114,99,false,1604,1
3115,99,false,1604,1
3116,99,true,1605,0
3117,99,true,1606,0
3118,99,true,1607,0
3119,99,false,1607,0
3120,99,true,1608,0
3121,99,false,1608,0
3122,99,true,1609,0
3123,99,false,1609,0
3124,99,true,1610,0
3125,99,true,1611,0
3126,99,false,1611,0
3127,99,true,1612,0
3128,99,true,1613,0
3129,99,false,1613,1
3130,99,false,1613,0
3131,99,false,1613,0
3132,99,true,1614,0
3133,99,false,1614,0
3134,99,true,1615,0
3135,99,true,1616,0
3136,99,false,1616,0
3137,99,false,1616,0
3138,99,true,1617,0
3139,99,true,1618,0
3140,99,false,1618,0
3141,99,true,1619,0
3142,99,false,1619,0
3143,99,true,1620,0
3144,99,true,1621,0
3145,99,false,1621,0
3146,99,true,1622,0
3147,99,false,1622,0
3148,99,true,1623,0
3149,99,true,1624,0
3150,99,false,1624,0
3151,99,true,1625,0
3152,99,false,1625,0
3153,99,true,1626,0
3154,99,true,1627,0
3155,99,false,1627,0
3156,99,false,1627,0
3157,99,true,1628,0
3158,99,false,1628,0
3159,99,true,1629,0
3160,99,false,1629,0
3161,99,false,1629,0
3162,99,false,1629,0
3163,99,true,1630,0
3164,99,true,1631,0
3165,99,true,1632,1
3166,99,true,1633,1
3167,99,true,1634,1
3168,99,true,1635,1
3169,99,false,1635,1
3170,99,false,1635,1
3171,99,false,1635,1
3172,99,true,1636,1
3173,99,true,1637,1
3174,99,true,1638,1
3175,99,true,1639,1
3176,99,false,1639,1
3177,99,false,1639,1
3178,99,false,1639,1
3179,99,false,1639,1
3180,99,false,1639,1
3181,99,false,1639,1
3182,99,false,1639,1
3183,99,true,1640,2
3184,99,true,1641,2
3185,99,false,1641,2
3186,99,true,1642,2
3187,99,true,1643,3
3188,99,true,1644,3
3189,99,true,1645,3
3190,99,true,1646,2
3191,99,true,1647,2
3192,99,true,1648,2
3193,99,false,1648,2
3194,99,false,1648,2
3195,99,true,1649,2
3196,99,false,1649,2
3197,99,true,1650,2
3198,99,false,1650,2
3199,99,false,1650,2
3200,99,false,1650,2
3201,99,false,1650,2
3202,99,false,1650,2
3203,99,false,1650,2
3204,99,false,1650,2
3205,99,false,1650,2
3206,99,false,1650,3
3207,99,false,1650,3
3208,99,false,1650,3
3209,99,false,1650,3
3210,99,true,1651,3
3211,99,false,1651,2
3212,99,true,1652,2
3213,99,false,1652,2
3214,99,true,1653,2
3215,99,true,1654,2
3216,99,true,1655,2
3217,99,false,1655,2
3218,99,true,1656,2
3219,99,true,1657,2
3220,99,false,1657,2
3221,99,false,1657,2
3222,99,true,1658,2
3223,99,true,1659,2
3224,99,true,1660,2
3225,99,true,1661,2
3226,99,true,1662,2
3227,99,true,1663,2
3228,99,true,1664,2
3229,99,false,1664,2
3230,99,true,1665,2
3231,99,true,1666,2
3232,99,true,1667,2
3233,99,true,1668,2
3234,99,false,1668,2
3235,99,false,1668,1
3236,99,true,1669,1
3237,99,true,1670,2
3238,99,true,1671,2
3239,99,true,1672,2
3240,99,false,1672,2
3241,99,true,1673,3
3242,99,true,1674,3
3243,99,false,1674,3
3244,99,true,1675,3
3245,99,true,1676,3
3246,99,false,1676,3
3247,99,false,1676,2
3248,99,false,1676,2
3249,99,false,1676,2
3250,99,true,1677,1
3251,99,false,1677,1
3252,99,false,1677,1
3253,99,false,1677,1
3254,99,true,1678,1
3255,99,false,1678,1
3256,99,false,1678,1
3257,99,false,1678,1
3258,99,false,1678,1
3259,99,false,1678,2
3260,99,false,1678,1
3261,99,true,1679,1
3262,99,false,1679,1
3263,99,true,1680,1
3264,99,false,1680,1
3265,99,false,1680,1
3266,99,false,1680,1
3267,99,true,1681,1
3268,99,false,1681,1
3269,99,true,1682,1
3270,99,false,1682,1
3271,99,true,1683,1
3272,99,true,1684,1
3273,99,true,1685,1
3274,99,false,1685,1
3275,99,false,1685,1
3276,99,false,1685,1
3277,99,true,1686,1
3278,99,false,1686,1
3279,99,false,1686,1
3280,99,false,1686,1
3281,99,false,1686,1
3282,99,true,1687,1
3283,99,true,1688,1
3284,99,true,1689,1
3285,99,true,1690,1
3286,99,false,1690,1
3287,99,false,1690,1
3288,99,false,1690,1
3289,99,true,1691,1
3290,99,false,1691,1
3291,99,true,1692,1
3292,99,true,1693,1
3293,99,true,1694,1
3294,99,false,1694,1
3295,99,true,1695,1
3296,99,false,1695,1
3297,99,false,1695,1
3298,99,true,1696,1
3299,99,false,1696,1
3300,99,false,1696,1
3301,99,true,1697,1
3302,99,false,1697,2
3303,99,true,1698,2
3304,99,false,1698,1
3305,99,true,1699,1
3306,99,true,1700,1
3307,99,true,1701,1
3308,99,false,1701,0
3309,99,true,1702,0
3310,99,false,1702,0
3311,99,false,1702,0
3312,99,false,1702,0
3313,99,true,1703,0
3314,99,false,1703,0
3315,99,false,1703,0
3316,99,false,1703,0
3317,99,true,1704,0
3318,99,false,1704,0
3319,99,true,1705,0
3320,99,true,1706,0
3321,99,true,1707,0
3322,99,true,1708,0
3323,99,true,1709,0
3324,99,false,1709,1
3325,99,true,1710,0
3326,99,false,1710,0
3327,99,true,1711,0
3328,99,false,1711,0
3329,99,false,1711,0
3330,99,false,1711,0
3331,99,true,1712,0
3332,99,false,1712,0
3333,99,false,1712,0
3334,99,true,1713,0
3335,99,false,1713,0
3336,99,false,1713,0
3337,99,true,1714,0
3338,99,true,1715,0
3339,99,true,1716,0
3340,99,true,1717,0
3341,99,false,1717,0
3342,99,true,1718,0
3343,99,true,1719,0
3344,99,false,1719,0
3345,99,false,1719,0
3346,99,true,1720,0
3347,99,false,1720,0
3348,99,false,1720,0
3349,99,true,1721,0
3350,99,true,1722,0
3351,99,true,1723,0
3352,99,true,1724,0
3353,99,false,1724,0
3354,99,false,1724,0
3355,99,true,1725,0
3356,99,true,1726,0
3357,99,true,1727,0
3358,99,true,1728,0
3359,99,false,1728,0
3360,99,true,1729,0
3361,99,true,1730,0
3362,99,false,1730,0
3363,99,false,1730,0
3364,99,false,1730,0
3365,99,false,1730,0
3366,99,true,1731,0
3367,99,true,1732,0
3368,99,true,1733,0
3369,99,false,1733,0
3370,99,false,1733,0
3371,99,true,1734,0
3372,99,false,1734,0
3373,99,true,1735,0
3374,99,false,1735,0
3375,99,false,1735,0
3376,99,false,1735,0
3377,99,true,1736,0
3378,99,true,1737,0
3379,99,false,1737,0
3380,99,false,1737,0
3381,99,true,1738,0
3382,99,true,1739,0
3383,99,true,1740,0
3384,99,true,1741,0
3385,99,false,1741,0
3386,99,false,1741,0
3387,99,false,1741,0
3388,99,false,1741,0
3389,99,true,1742,0
3390,99,true,1743,0
3391,99,false,1743,0
3392,99,true,1744,0
3393,99,false,1744,1
3394,99,false,1744,1
3395,99,true,1745,0
3396,99,false,1745,0
3397,99,false,1745,0
3398,99,false,1745,0
3399,99,true,1746,0
3400,99,false,1746,0
3401,99,true,1747,0
3402,99,false,1747,0
3403,99,true,1748,0
3404,99,false,1748,0
3405,99,false,1748,0
3406,99,true,1749,0
3407,99,true,1750,0
3408,99,false,1750,0
3409,99,true,1751,0
3410,99,true,1752,0
3411,99,false,1752,0
3412,99,true,1753,0
3413,99,true,1754,0
3414,99,false,1754,0
3415,99,true,1755,0
3416,99,false,1755,0
3417,99,true,1756,0
3418,99,false,1756,0
3419,99,false,1756,0
3420,99,false,1756,0
3421,99,true,1757,0
3422,99,true,1758,0
3423,99,false,1758,0
3424,99,false,1758,0
3425,99,false,1758,0
3426,99,true,1759,0
3427,99,false,1759,0
3428,99,true,1760,0
3429,99,true,1761,0
3430,99,false,1761,0
3431,99,false,1761,0
3432,99,true,1762,0
3433,99,true,1763,0
3434,99,false,1763,1
3435,99,false,1763,1
3436,99,true,1764,1
3437,99,false,1764,1
3438,99,false,1764,1
3439,99,true,1765,1
3440,99,false,1765,1
3441,99,false,1765,1
3442,99,true,1766,2
3443,99,false,1766,1
3444,99,true,1767,1
3445,99,false,1767,1
3446,99,true,1768,1
3447,99,true,1769,1
3448,99,false,1769,1
3449,99,false,1769,1
3450,99,false,1769,2
3451,99,true,1770,2
3452,99,false,1770,1
3453,99,true,1771,1
3454,99,false,1771,1
3455,99,false,1771,1
3456,99,false,1771,1
3457,99,false,1771,1
3458,99,false,1771,1
3459,99,true,1772,1
3460,99,true,1773,0
3461,99,false,1773,0
3462,99,false,1773,0
3463,99,true,1774,0
3464,99,false,1774,0
3465,99,true,1775,0
3466,99,true,1776,0
3467,99,true,1777,0
3468,99,true,1778,0
3469,99,true,1779,0
3470,99,true,1780,0
3471,99,false,1780,0
3472,99,true,1781,0
3473,99,false,1781,0
3474,99,false,1781,0
3475,99,true,1782,0
3476,99,true,1783,0
3477,99,true,1784,0
3478,99,false,1784,0
3479,99,true,1785,0
3480,99,true,1786,0
3481,99,false,1786,0
3482,99,false,1786,0
3483,99,false,1786,0
3484,99,false,1786,0
3485,99,true,1787,0
3486,99,true,1788,0
3487,99,true,1789,0
3488,99,true,1790,0
3489,99,true,1791,0
3490,99,true,1792,1
3491,99,true,1793,1
3492,99,false,1793,1
3493,99,true,1794,1
3494,99,true,1795,1
3495,99,true,1796,1
3496,99,false,1796,1
3497,99,false,1796,1
3498,99,false,1796,1
3499,99,false,1796,1
3500,99,false,1796,2
3501,99,false,1796,2
3502,99,true,1797,1
3503,99,false,1797,1
3504,99,false,1797,1
3505,99,true,1798,1
3506,99,false,1798,1
3507,99,true,1799,1
3508,99,false,1799,1
3509,99,false,1799,1
3510,99,true,1800,0
3511,99,true,1801,0
3512,99,false,1801,0
3513,99,false,1801,0
3514,99,false,1801,0
3515,99,false,1801,0
3516,99,false,1801,0
3517,99,false,1801,0
3518,99,false,1801,0
3519,99,true,1802,0
3520,99,true,1803,0
3521,99,false,1803,0
3522,99,true,1804,0
3523,99,true,1805,0
3524,99,false,1805,0
3525,99,true,1806,0
3526,99,true,1807,0
3527,99,false,1807,0
3528,99,false,1807,0
3529,99,true,1808,0
3530,99,true,1809,0
3531,99,true,1810,1
3532,99,true,1811,1
3533,99,true,1812,1
3534,99,false,1812,1
3535,99,true,1813,1
3536,99,false,1813,0
3537,99,false,1813,0
3538,99,false,1813,0
3539,99,false,1813,0
3540,99,false,1813,0
3541,99,false,1813,0
3542,99,false,1813,0
3543,99,true,1814,0
3544,99,true,1815,0
3545,99,false,1815,0
3546,99,false,1815,0
3547,99,true,1816,0
3548,99,false,1816,0
3549,99,true,1817,0
3550,99,true,1818,0
3551,99,true,1819,0
3552,99,true,1820,0
3553,99,true,1821,0
3554,99,true,1822,0
3555,99,true,1823,0
3556,99,true,1824,1
3557,99,false,1824,1
3558,99,false,1824,1
3559,99,false,1824,1
3560,99,false,1824,2
3561,99,true,1825,2
3562,99,false,1825,2
3563,99,false,1825,2
3564,99,true,1826,2
3565,99,true,1827,2
3566,99,false,1827,2
3567,99,false,1827,2
3568,99,true,1828,2
3569,99,true,1829,2
3570,99,false,1829,2
3571,99,false,1829,2
3572,99,true,1830,2
3573,99,false,1830,2
3574,99,true,1831,2
3575,99,true,1832,2
3576,99,true,1833,2
3577,99,false,1833,3
3578,99,true,1834,2
3579,99,true,1835,2
3580,99,true,1836,3
3581,99,true,1837,2
3582,99,true,1838,2
3583,99,true,1839,2
3584,99,true,1840,2
3585,99,true,1841,2
3586,99,false,1841,2
3587,99,false,1841,2
3588,99,true,1842,2
3589,99,false,1842,1
3590,99,false,1842,1
3591,99,false,1842,1
3592,99,false,1842,1
3593,99,false,1842,1
3594,99,true,1843,1
3595,99,false,1843,1
3596,99,false,1843,1
3597,99,true,1844,1
3598,99,false,1844,1
3599,99,true,1845,1
3600,99,false,1845,1
3601,99,false,1845,1
3602,99,false,1845,1
3603,99,false,1845,1
3604,99,true,1846,1
3605,99,true,1847,1
3606,99,false,1847,1
3607,99,true,1848,1
3608,99,false,1848,1
3609,99,false,1848,1
3610,99,false,1848,1
3611,99,true,1849,1
3612,99,true,1850,1
3613,99,true,1851,1
3614,99,false,1851,1
3615,99,true,1852,1
3616,99,true,1853,1
3617,99,true,1854,1
3618,99,true,1855,1
3619,99,true,1856,0
3620,99,true,1857,0
3621,99,false,1857,0
3622,99,false,1857,0
3623,99,true,1858,0
3624,99,false,1858,0
3625,99,false,1858,0
3626,99,false,1858,0
3627,99,false,1858,0
3628,99,false,1858,0
3629,99,true,1859,0
3630,99,true,1860,0
3631,99,false,1860,0
3632,99,true,1861,0
3633,99,true,1862,0
3634,99,false,1862,0
3635,99,false,1862,0
3636,99,false,1862,0
3637,99,false,1862,0
3638,99,false,1862,0
3639,99,false,1862,0
3640,99,false,1862,0
3641,99,false,1862,0
3642,99,true,1863,0
3643,99,false,1863,0
3644,99,true,1864,0
3645,99,true,1865,2
3646,99,true,1866,1
3647,99,true,1867,1
3648,99,false,1867,1
3649,99,true,1868,1
3650,99,true,1869,1
3651,99,false,1869,1
3652,99,true,1870,1
3653,99,true,1871,1
3654,99,true,1872,1
3655,99,false,1872,1
3656,99,false,1872,1
3657,99,true,1873,1
3658,99,true,1874,1
3659,99,false,1874,1
3660,99,true,1875,1
3661,99,true,1876,1
3662,99,true,1877,1
3663,99,true,1878,1
3664,99,true,1879,1
3665,99,false,1879,1
3666,99,false,1879,1
3667,99,true,1880,1
3668,99,true,1881,1
3669,99,true,1882,1
3670,99,true,1883,1
3671,99,false,1883,1
3672,99,true,1884,1
3673,99,true,1885,1
3674,99,false,1885,1
3675,99,true,1886,1
3676,99,false,1886,1
3677,99,false,1886,1
3678,99,false,1886,1
3679,99,false,1886,1
3680,99,true,1887,1
3681,99,false,1887,1
3682,99,true,1888,1
3683,99,false,1888,1
3684,99,true,1889,1
3685,99,false,1889,1
3686,99,false,1889,1
3687,99,true,1890,1
3688,99,false,1890,1
3689,99,false,1890,0
3690,99,true,1891,0
3691,99,false,1891,0
3692,99,true,1892,0
3693,99,true,1893,0
3694,99,false,1893,1
3695,99,true,1894,1
3696,99,true,1895,2
3697,99,true,1896,1
3698,99,true,1897,1
3699,99,true,1898,1
3700,99,true,1899,1
3701,99,false,1899,1
3702,99,true,1900,1
3703,99,false,1900,1
3704,99,true,1901,1
3705,99,false,1901,1
3706,99,false,1901,1
3707,99,false,1901,1
3708,99,false,1901,1
3709,99,false,1901,1
3710,99,false,1901,1
3711,99,true,1902,1
3712,99,false,1902,1
3713,99,true,1903,1
3714,99,false,1903,1
3715,99,true,1904,1
3716,99,true,1905,1
3717,99,true,1906,1
3718,99,false,1906,1
3719,99,false,1906,1
3720,99,false,1906,1
3721,99,true,1907,1
3722,99,false,1907,1
3723,99,false,1907,1
3724,99,true,1908,1
3725,99,false,1908,1
3726,99,false,1908,1
3727,99,false,1908,1
3728,99,true,1909,1
3729,99,false,1909,0
3730,99,false,1909,0
3731,99,false,1909,0
3732,99,false,1909,0
3733,99,false,1909,0
3734,99,false,1909,0
3735,99,true,1910,1
3736,99,true,1911,0
3737,99,true,1912,0
3738,99,true,1913,0
3739,99,false,1913,0
3740,99,false,1913,0
3741,99,true,1914,0
3742,99,true,1915,0
3743,99,false,1915,0
3744,99,false,1915,0
3745,99,true,1916,0
3746,99,false,1916,0
3747,99,true,1917,0
3748,99,false,1917,1
3749,99,true,1918,1
3750,99,true,1919,1
3751,99,false,1919,1
3752,99,false,1919,0
3753,99,false,1919,0
3754,99,false,1919,0
3755,99,false,1919,0
3756,99,true,1920,0
3757,99,false,1920,0
3758,99,false,1920,0
3759,99,false,1920,0
3760,99,true,1921,0
3761,99,true,1922,0
3762,99,true,1923,0
3763,99,false,1923,0
3764,99,false,1923,0
3765,99,false,1923,0
3766,99,false,1923,0
3767,99,true,1924,0
3768,99,false,1924,0
3769,99,false,1924,0
3770,99,true,1925,0
3771,99,false,1925,0
3772,99,false,1925,0
3773,99,false,1925,0
3774,99,true,1926,0
3775,99,false,1926,0
3776,99,false,1926,0
3777,99,false,1926,0
3778,99,true,1927,1
3779,99,false,1927,1
3780,99,false,1927,1
3781,99,true,1928,1
3782,99,true,1929,1
3783,99,true,1930,1
3784,99,false,1930,1
3785,99,true,1931,1
3786,99,false,1931,1
3787,99,false,1931,1
3788,99,true,1932,2
3789,99,true,1933,2
3790,99,true,1934,2
3791,99,true,1935,2
3792,99,false,1935,1
3793,99,true,1936,1
3794,99,true,1937,1
3795,99,true,1938,1
3796,99,false,1938,1
3797,99,true,1939,1
3798,99,true,1940,1
3799,99,false,1940,1
3800,99,false,1940,1
3801,99,true,1941,1
3802,99,true,1942,1
3803,99,false,1942,1
3804,99,false,1942,1
3805,99,true,1943,1
3806,99,true,1944,1
3807,99,true,1945,1
3808,99,false,1945,1
3809,99,true,1946,1
3810,99,false,1946,1
3811,99,false,1946,1
3812,99,true,1947,0
3813,99,true,1948,0
3814,99,true,1949,0
3815,99,true,1950,0
3816,99,false,1950,0
3817,99,true,1951,0
3818,99,true,1952,0
3819,99,false,1952,0
3820,99,false,1952,0
3821,99,false,1952,0
3822,99,false,1952,0
3823,99,false,1952,1
3824,99,false,1952,1
3825,99,true,1953,0
3826,99,true,1954,0
3827,99,true,1955,0
3828,99,false,1955,0
3829,99,false,1955,0
3830,99,false,1955,0
3831,99,false,1955,0
3832,99,true,1956,0
3833,99,false,1956,0
3834,99,false,1956,0
3835,99,false,1956,0
3836,99,true,1957,0
3837,99,false,1957,1
3838,99,true,1958,1
3839,99,false,1958,1
3840,99,false,1958,1
3841,99,false,1958,1
3842,99,true,1959,0
3843,99,true,1960,0
3844,99,true,1961,0
3845,99,true,1962,0
3846,99,false,1962,0
3847,99,false,1962,0
3848,99,false,1962,0
3849,99,false,1962,0
3850,99,true,1963,0
3851,99,false,1963,0
3852,99,false,1963,0
3853,99,true,1964,0
3854,99,true,1965,1
3855,99,true,1966,1
3856,99,true,1967,1
3857,99,false,1967,1
3858,99,true,1968,1
3859,99,true,1969,1
3860,99,false,1969,1
3861,99,true,1970,1
3862,99,false,1970,1
3863,99,false,1970,1
3864,99,false,1970,1
3865,99,true,1971,0
3866,99,false,1971,0
3867,99,false,1971,0
3868,99,false,1971,0
3869,99,false,1971,1
3870,99,false,1971,1
3871,99,false,1971,1
3872,99,true,1972,1
3873,99,false,1972,1
3874,99,false,1972,1
3875,99,false,1972,1
3876,99,false,1972,1
3877,99,false,1972,1
3878,99,false,1972,1
3879,99,false,1972,1
3880,99,true,1973,1
3881,99,true,1974,1
3882,99,false,1974,1
3883,99,true,1975,1
3884,99,false,1975,1
3885,99,true,1976,1
3886,99,false,1976,1
3887,99,false,1976,1
3888,99,false,1976,1
3889,99,false,1976,1
3890,99,true,1977,0
3891,99,false,1977,0
3892,99,false,1977,0
3893,99,true,1978,0
3894,99,false,1978,0
3895,99,false,1978,0
3896,99,false,1978,0
3897,99,false,1978,0
3898,99,true,1979,0
3899,99,false,1979,0
3900,99,false,1979,0
3901,99,false,1979,0
3902,99,true,1980,0
3903,99,true,1981,0
3904,99,false,1981,0
3905,99,false,1981,0
3906,99,false,1981,0
3907,99,true,1982,0
3908,99,false,1982,0
3909,99,true,1983,0
3910,99,false,1983,0
3911,99,true,1984,0
3912,99,false,1984,0
3913,99,false,1984,0
3914,99,true,1985,0
3915,99,false,1985,0
3916,99,true,1986,0
3917,99,true,1987,0
3918,99,true,1988,0
3919,99,false,1988,0
3920,99,false,1988,0
3921,99,false,1988,0
3922,99,false,1988,0
3923,99,true,1989,0
3924,99,false,1989,0
3925,99,false,1989,0
3926,99,false,1989,0
3927,99,false,1989,0
3928,99,false,1989,0
3929,99,false,1989,0
3930,99,false,1989,0
3931,99,true,1990,0
3932,99,true,1991,0
3933,99,true,1992,0
3934,99,true,1993,0
3935,99,false,1993,0
3936,99,false,1993,0
3937,99,true,1994,0
3938,99,true,1995,0
3939,99,false,1995,0
3940,99,false,1995,0
3941,99,true,1996,0
3942,99,false,1996,0
3943,99,true,1997,0
3944,99,true,1998,0
3945,99,true,1999,1
3946,99,true,2000,0
3947,99,true,2001,0
3948,99,false,2001,0
3949,99,false,2001,0
3950,99,true,2002,0
3951,99,true,2003,0
3952,99,false,2003,0
3953,99,false,2003,0
3954,99,true,2004,0
3955,99,false,2004,0
3956,99,true,2005,0
3957,99,true,2006,0
3958,99,false,2006,0
3959,99,false,2006,0
3960,99,true,2007,1
3961,99,true,2008,1
3962,99,false,2008,0
3963,99,true,2009,0
3964,99,true,2010,0
3965,99,true,2011,0
3966,99,false,2011,0
3967,99,true,2012,0
3968,99,false,2012,0
3969,99,false,2012,0
3970,99,false,2012,0
3971,99,false,2012,0
3972,99,false,2012,0
3973,99,false,2012,0
3974,99,false,2012,0
3975,99,true,2013,0
3976,99,true,2014,0
3977,99,false,2014,0
3978,99,false,2014,0
3979,99,true,2015,0
3980,99,false,2015,0
3981,99,false,2015,0
3982,99,false,2015,0
3983,99,true,2016,0
3984,99,false,2016,0
3985,99,true,2017,0
3986,99,true,2018,0
3987,99,false,2018,1
3988,99,false,2018,1
3989,99,true,2019,0
3990,99,true,2020,0
3991,99,false,2020,0
3992,99,true,2021,0
3993,99,false,2021,0
3994,99,true,2022,0
3995,99,false,2022,0
3996,99,false,2022,0
3997,99,true,2023,0
3998,99,false,2023,1
3999,99,false,2023,1
4000,99,false,2023,1
4001,99,false,2023,1
4002,99,false,2023,1
4003,99,true,2024,1
4004,99,false,2024,1
4005,99,true,2025,2
4006,99,false,2025,1
4007,99,false,2025,2
4008,99,true,2026,2
4009,99,true,2027,2
4010,99,true,2028,2
4011,99,true,2029,2
4012,99,true,2030,2
4013,99,true,2031,2
4014,99,false,2031,2
4015,99,false,2031,2
4016,99,true,2032,2
4017,99,true,2033,2
4018,99,false,2033,2
4019,99,false,2033,1
4020,99,true,2034,1
4021,99,false,2034,1
4022,99,false,2034,1
4023,99,true,2035,1
4024,99,true,2036,1
4025,99,true,2037,0
4026,99,true,2038,0
4027,99,false,2038,0
4028,99,false,2038,0
4029,99,false,2038,0
4030,99,true,2039,0
4031,99,false,2039,0
4032,99,false,2039,0
4033,99,false,2039,0
4034,99,true,2040,0
4035,99,false,2040,0
4036,99,true,2041,0
4037,99,false,2041,0
4038,99,false,2041,0
4039,99,false,2041,0
4040,99,false,2041,0
4041,99,true,2042,1
4042,99,false,2042,2
4043,99,false,2042,2
4044,99,true,2043,1
4045,99,false,2043,1
4046,99,false,2043,1
4047,99,false,2043,1
4048,99,true,2044,1
4049,99,false,2044,0
4050,99,true,2045,0
4051,99,false,2045,0
4052,99,true,2046,0
4053,99,true,2047,0
4054,99,false,2047,0
4055,99,false,2047,0
4056,99,true,2048,0
4057,99,false,2048,0
4058,99,false,2048,0
4059,99,true,2049,0
4060,99,false,2049,0
4061,99,false,2049,0
4062,99,false,2049,0
4063,99,false,2049,0
4064,99,true,2050,0
4065,99,true,2051,0
4066,99,true,2052,0
4067,99,false,2052,0
4068,99,false,2052,0
4069,99,true,2053,0
4070,99,false,2053,0
4071,99,false,2053,0
4072,99,true,2054,0
4073,99,true,2055,0
4074,99,false,2055,0
4075,99,true,2056,0
4076,99,false,2056,0
4077,99,true,2057,0
4078,99,true,2058,1
4079,99,true,2059,1
4080,99,true,2060,1
4081,99,true,2061,1
4082,99,false,2061,1
4083,99,false,2061,1
4084,99,true,2062,1
4085,99,true,2063,1
4086,99,true,2064,1
4087,99,false,2064,1
4088,99,true,2065,1
4089,99,false,2065,1
4090,99,false,2065,1
4091,99,false,2065,1
4092,99,true,2066,1
4093,99,false,2066,1
4094,99,true,2067,1
4095,99,false,2067,1
4096,99,true,2068,1
4097,99,true,2069,1
4098,99,true,2070,1
4099,99,false,2070,1
4100,99,true,2071,1
4101,99,false,2071,1
4102,99,true,2072,1
4103,99,true,2073,1
4104,99,true,2074,1
4105,99,false,2074,1
4106,99,false,2074,1
4107,99,true,2075,1
4108,99,false,2075,0
4109,99,true,2076,0
4110,99,false,2076,0
4111,99,true,2077,0
4112,99,false,2077,0
4113,99,false,2077,0
4114,99,false,2077,0
4115,99,true,2078,0
4116,99,false,2078,0
4117,99,true,2079,0
4118,99,true,2080,0
4119,99,true,2081,0
4120,99,true,2082,0
4121,99,false,2082,0
4122,99,true,2083,1
4123,99,false,2083,1
4124,99,true,2084,0
4125,99,false,2084,0
4126,99,true,2085,0
4127,99,false,2085,0
4128,99,false,2085,0
4129,99,false,2085,1
4130,99,false,2085,0
4131,99,false,2085,0
4132,99,true,2086,0
4133,99,false,2086,0
4134,99,false,2086,0
4135,99,true,2087,0
4136,99,true,2088,0
4137,99,false,2088,0
4138,99,true,2089,0
4139,99,true,2090,0
4140,99,true,2091,0
4141,99,false,2091,0
4142,99,false,2091,0
4143,99,true,2092,0
4144,99,true,2093,0
4145,99,false,2093,1
4146,99,true,2094,0
4147,99,true,2095,0
4148,99,true,2096,0
4149,99,true,2097,0
4150,99,false,2097,0
4151,99,true,2098,0
4152,99,true,2099,0
4153,99,false,2099,0
4154,99,true,2100,1
4155,99,true,2101,1
4156,99,true,2102,1
4157,99,true,2103,1
4158,99,true,2104,1
4159,99,true,2105,1
4160,99,false,2105,1
4161,99,true,2106,1
4162,99,true,2107,1
4163,99,false,2107,1
4164,99,false,2107,1
4165,99,true,2108,0
4166,99,false,2108,0
4167,99,false,2108,0
4168,99,false,2108,0
4169,99,true,2109,0
4170,99,true,2110,0
4171,99,true,2111,0
4172,99,true,2112,0
4173,99,true,2113,0
4174,99,true,2114,0
4175,99,false,2114,0
4176,99,true,2115,0
4177,99,true,2116,0
4178,99,true,2117,0
4179,99,false,2117,0
4180,99,true,2118,0
4181,99,false,2118,1
4182,99,true,2119,1
4183,99,true,2120,1
4184,99,false,2120,1
4185,99,false,2120,1
4186,99,false,2120,0
4187,99,true,2121,0
4188,99,false,2121,0
4189,99,false,2121,0
4190,99,false,2121,0
4191,99,false,2121,0
4192,99,true,2122,0
4193,99,true,2123,0
4194,99,false,2123,0
4195,99,true,2124,0
4196,99,false,2124,0
4197,99,false,2124,1
4198,99,true,2125,1
4199,99,true,2126,0
4200,99,false,2126,0
4201,99,false,2126,0
4202,99,true,2127,0
4203,99,true,2128,0
4204,99,false,2128,0
4205,99,false,2128,0
4206,99,true,2129,0
4207,99,true,2130,0
4208,99,true,2131,0
4209,99,false,2131,0
4210,99,true,2132,0
4211,99,false,2132,1
4212,99,true,2133,1
4213,99,false,2133,1
4214,99,true,2134,2
4215,99,true,2135,2
4216,99,false,2135,2
4217,99,true,2136,2
4218,99,false,2136,2
4219,99,false,2136,2
4220,99,false,2136,1
4221,99,false,2136,1
4222,99,false,2136,1
4223,99,true,2137,1
4224,99,true,2138,0
4225,99,false,2138,0
4226,99,true,2139,0
4227,99,true,2140,1
4228,99,true,2141,1
4229,99,false,2141,1
4230,99,false,2141,1
4231,99,true,2142,1
4232,99,false,2142,1
4233,99,false,2142,1
4234,99,false,2142,1
4235,99,true,2143,1
4236,99,true,2144,1
4237,99,false,2144,1
4238,99,false,2144,0
4239,99,true,2145,0
4240,99,true,2146,0
4241,99,true,2147,0
4242,99,false,2147,0
4243,99,true,2148,0
4244,99,true,2149,0
4245,99,false,2149,0
4246,99,true,2150,0
4247,99,true,2151,0
4248,99,true,2152,0
4249,99,true,2153,0
4250,99,false,2153,0
4251,99,true,2154,0
4252,99,false,2154,0
4253,99,false,2154,0
4254,99,true,2155,0
4255,99,false,2155,0
4256,99,false,2155,0
4257,99,false,2155,0
4258,99,true,2156,0
4259,99,true,2157,0
4260,99,true,2158,0
4261,99,true,2159,0
4262,99,true,2160,0
4263,99,true,2161,0
4264,99,true,2162,0
4265,99,false,2162,0
4266,99,false,2162,0
4267,99,false,2162,0
4268,99,false,2162,0
4269,99,true,2163,2
4270,99,true,2164,2
4271,99,true,2165,2
4272,99,true,2166,2
4273,99,false,2166,2
4274,99,true,2167,1
4275,99,true,2168,1
4276,99,true,2169,1
4277,99,true,2170,1
4278,99,false,2170,2
4279,99,true,2171,2
4280,99,true,2172,3
4281,99,true,2173,2
4282,99,false,2173,2
4283,99,true,2174,2
4284,99,false,2174,2
4285,99,false,2174,2
4286,99,false,2174,2
4287,99,true,2175,2
4288,99,false,2175,2
4289,99,false,2175,2
4290,99,true,2176,2
4291,99,false,2176,1
4292,99,true,2177,1
4293,99,true,2178,1
4294,99,true,2179,1
4295,99,true,2180,1
4296,99,true,2181,1
4297,99,false,2181,2
4298,99,true,2182,2
4299,99,true,2183,2
4300,99,true,2184,1
4301,99,true,2185,1
4302,99,true,2186,1
4303,99,false,2186,1
4304,99,true,2187,1
4305,99,false,2187,1
4306,99,true,2188,1
4307,99,true,2189,1
4308,99,true,2190,1
4309,99,false,2190,2
4310,99,false,2190,2
4311,99,true,2191,3
4312,99,false,2191,4
4313,99,true,2192,3
4314,99,true,2193,3
4315,99,false,2193,4
4316,99,true,2194,4
4317,99,false,2194,3
4318,99,false,2194,3
4319,99,true,2195,3
4320,99,true,2196,3
4321,99,false,2196,3
4322,99,false,2196,3
4323,99,false,2196,3
4324,99,false,2196,3
4325,99,true,2197,3
4326,99,true,2198,3
4327,99,true,2199,3
4328,99,true,2200,3
4329,99,false,2200,3
4330,99,false,2200,3
4331,99,true,2201,3
4332,99,true,2202,3
4333,99,true,2203,3
4334,99,true,2204,3
4335,99,false,2204,3
4336,99,false,2204,3
4337,99,false,2204,3
4338,99,true,2205,3
4339,99,false,2205,3
4340,99,false,2205,3
4341,99,false,2205,3
4342,99,false,2205,3
4343,99,true,2206,3
4344,99,true,2207,3
4345,99,true,2208,3
4346,99,true,2209,3
4347,99,false,2209,3
4348,99,false,2209,3
4349,99,false,2209,3
4350,99,false,2209,3
4351,99,true,2210,3
4352,99,true,2211,3
4353,99,false,2211,3
4354,99,true,2212,2
4355,99,true,2213,2
4356,99,false,2213,2
4357,99,false,2213,2
4358,99,false,2213,2
4359,99,false,2213,2
4360,99,false,2213,2
4361,99,false,2213,2
4362,99,true,2214,2
4363,99,false,2214,2
4364,99,true,2215,2
4365,99,true,2216,2
4366,99,true,2217,2
4367,99,true,2218,2
4368,99,true,2219,2
4369,99,true,2220,2
4370,99,true,2221,2
4371,99,true,2222,2
4372,99,false,2222,3
4373,99,false,2222,2
4374,99,false,2222,2
4375,99,true,2223,1
4376,99,false,2223,1
4377,99,true,2224,1
4378,99,false,2224,1
4379,99,true,2225,1
4380,99,true,2226,1
4381,99,false,2226,1
4382,99,false,2226,1
4383,99,true,2227,1
4384,99,true,2228,1
4385,99,true,2229,1
4386,99,false,2229,1
4387,99,true,2230,1
4388,99,false,2230,1
4389,99,true,2231,1
4390,99,true,2232,1
4391,99,true,2233,2
4392,99,false,2233,2
4393,99,true,2234,2
4394,99,false,2234,2
4395,99,false,2234,1
4396,99,false,2234,1
4397,99,true,2235,1
4398,99,true,2236,1
4399,99,true,2237,1
4400,99,false,2237,1
4401,99,false,2237,1
4402,99,false,2237,1
4403,99,false,2237,1
4404,99,false,2237,1
4405,99,true,2238,1
4406,99,true,2239,1
4407,99,false,2239,1
4408,99,true,2240,1
4409,99,false,2240,1
4410,99,true,2241,1
4411,99,true,2242,1
4412,99,true,2243,1
4413,99,true,2244,1
4414,99,true,2245,1
4415,99,false,2245,1
4416,99,false,2245,1
4417,99,true,2246,1
4418,99,false,2246,1
4419,99,false,2246,1
4420,99,false,2246,1
4421,99,false,2246,1
4422,99,true,2247,1
4423,99,false,2247,1
4424,99,false,2247,1
4425,99,false,2247,0
4426,99,false,2247,0
4427,99,false,2247,1
4428,99,false,2247,1
4429,99,true,2248,1
4430,99,true,2249,1
4431,99,true,2250,2
4432,99,true,2251,2
4433,99,false,2251,2
4434,99,false,2251,2
4435,99,false,2251,2
4436,99,true,2252,2
4437,99,false,2252,2
4438,99,false,2252,2
4439,99,true,2253,2
4440,99,false,2253,2
4441,99,true,2254,2
4442,99,false,2254,1
4443,99,true,2255,1
4444,99,true,2256,1
4445,99,false,2256,1
4446,99,true,2257,1
4447,99,false,2257,1
4448,99,false,2257,1
4449,99,false,2257,1
4450,99,false,2257,1
4451,99,false,2257,1
4452,99,false,2257,1
4453,99,true,2258,1
4454,99,false,2258,1
4455,99,false,2258,1
4456,99,false,2258,0
4457,99,true,2259,0
4458,99,false,2259,0
4459,99,true,2260,0
4460,99,true,2261,0
4461,99,true,2262,0
4462,99,false,2262,0
4463,99,false,2262,0
4464,99,false,2262,0
4465,99,true,2263,0
4466,99,false,2263,0
4467,99,false,2263,0
4468,99,false,2263,0
4469,99,true,2264,0
4470,99,false,2264,0
4471,99,true,2265,0
4472,99,true,2266,0
4473,99,false,2266,0
4474,99,true,2267,0
4475,99,false,2267,0
4476,99,false,2267,0
4477,99,true,2268,0
4478,99,false,2268,0
4479,99,false,2268,0
4480,99,true,2269,0
4481,99,false,2269,0
4482,99,true,2270,0
4483,99,false,2270,0
4484,99,false,2270,0
4485,99,false,2270,0
4486,99,false,2270,0
4487,99,true,2271,0
4488,99,true,2272,0
4489,99,true,2273,0
4490,99,true,2274,0
4491,99,false,2274,0
4492,99,true,2275,0
4493,99,false,2275,0
4494,99,true,2276,0
4495,99,false,2276,0
4496,99,false,2276,0
4497,99,false,2276,0
4498,99,false,2276,0
4499,99,true,2277,0
4500,99,true,2278,0
4501,99,true,2279,0
4502,99,true,2280,0
4503,99,false,2280,0
4504,99,true,2281,0
4505,99,true,2282,0
4506,99,false,2282,0
4507,99,false,2282,0
4508,99,false,2282,0
4509,99,true,2283,0
4510,99,true,2284,0
4511,99,false,2284,0
4512,99,true,2285,0
4513,99,false,2285,0
4514,99,false,2285,0
4515,99,false,2285,0
4516,99,true,2286,0
4517,99,true,2287,0
4518,99,false,2287,0
4519,99,true,2288,0
4520,99,false,2288,0
4521,99,false,2288,0
4522,99,false,2288,0
4523,99,false,2288,0
4524,99,true,2289,0
4525,99,false,2289,0
4526,99,false,2289,0
4527,99,true,2290,0
4528,99,false,2290,0
4529,99,false,2290,1
4530,99,false,2290,1
4531,99,true,2291,1
4532,99,true,2292,1
4533,99,true,2293,1
4534,99,true,2294,1
4535,99,false,2294,0
4536,99,false,2294,0
4537,99,true,2295,0
4538,99,false,2295,0
4539,99,true,2296,0
4540,99,true,2297,0
4541,99,true,2298,0
4542,99,false,2298,0
4543,99,false,2298,0
4544,99,true,2299,1
4545,99,false,2299,1
4546,99,true,2300,1
4547,99,true,2301,1
4548,99,true,2302,1
4549,99,false,2302,1
4550,99,true,2303,1
4551,99,false,2303,1
4552,99,true,2304,1
4553,99,false,2304,0
4554,99,false,2304,0
4555,99,true,2305,0
4556,99,true,2306,0
4557,99,false,2306,0
4558,99,true,2307,0
4559,99,true,2308,0
4560,99,true,2309,0
4561,99,false,2309,0
4562,99,true,2310,0
4563,99,false,2310,0
4564,99,false,2310,0
4565,99,true,2311,0
4566,99,false,2311,0
4567,99,false,2311,0
4568,99,false,2311,0
4569,99,false,2311,0
4570,99,true,2312,0
4571,99,true,2313,0
4572,99,false,2313,1
4573,99,true,2314,0
4574,99,false,2314,0
4575,99,true,2315,0
4576,99,true,2316,0
4577,99,false,2316,0
4578,99,false,2316,0
4579,99,true,2317,0
4580,99,true,2318,0
4581,99,false,2318,0
4582,99,true,2319,0
4583,99,false,2319,0
4584,99,false,2319,0
4585,99,true,2320,0
4586,99,true,2321,0
4587,99,false,2321,0
4588,99,false,2321,0
4589,99,false,2321,0
4590,99,false,2321,0
4591,99,true,2322,0
4592,99,false,2322,0
4593,99,false,2322,0
4594,99,true,2323,0
4595,99,true,2324,0
4596,99,true,2325,0
4597,99,false,2325,0
4598,99,false,2325,0
4599,99,false,2325,0
4600,99,true,2326,0
4601,99,false,2326,0
4602,99,false,2326,0
4603,99,true,2327,0
4604,99,false,2327,0
4605,99,false,2327,0
4606,99,true,2328,0
4607,99,true,2329,1
4608,99,true,2330,1
4609,99,true,2331,1
4610,99,false,2331,1
4611,99,true,2332,0
4612,99,true,2333,1
4613,99,false,2333,0
4614,99,false,2333,0
4615,99,false,2333,0
4616,99,false,2333,0
4617,99,true,2334,0
4618,99,true,2335,0
4619,99,false,2335,1
4620,99,false,2335,1
4621,99,true,2336,1
4622,99,true,2337,1
4623,99,false,2337,1
4624,99,false,2337,1
4625,99,false,2337,1
4626,99,true,2338,1
4627,99,false,2338,1
4628,99,true,2339,1
4629,99,false,2339,0
4630,99,false,2339,0
4631,99,true,2340,0
4632,99,true,2341,1
4633,99,true,2342,1
4634,99,true,2343,0
4635,99,false,2343,1
4636,99,false,2343,1
4637,99,true,2344,1
4638,99,true,2345,1
4639,99,false,2345,1
4640,99,true,2346,1
4641,99,true,2347,1
4642,99,false,2347,1
4643,99,false,2347,1
4644,99,false,2347,1
4645,99,true,2348,1
4646,99,false,2348,1
4647,99,true,2349,1
4648,99,false,2349,1
4649,99,true,2350,1
4650,99,false,2350,1
4651,99,false,2350,1
4652,99,true,2351,1
4653,99,true,2352,1
4654,99,false,2352,1
4655,99,true,2353,1
4656,99,false,2353,1
4657,99,false,2353,1
4658,99,true,2354,1
4659,99,true,2355,1
4660,99,true,2356,1
4661,99,true,2357,1
4662,99,true,2358,1
4663,99,false,2358,1
4664,99,true,2359,0
4665,99,true,2360,0
4666,99,true,2361,0
4667,99,true,2362,0
4668,99,false,2362,0
4669,99,true,2363,0
4670,99,false,2363,0
4671,99,true,2364,0
4672,99,false,2364,0
4673,99,true,2365,0
4674,99,false,2365,0
4675,99,false,2365,0
4676,99,true,2366,0
4677,99,false,2366,0
4678,99,false,2366,0
4679,99,true,2367,1
4680,99,false,2367,1
4681,99,true,2368,1
4682,99,false,2368,1
4683,99,true,2369,1
4684,99,true,2370,1
4685,99,true,2371,1
4686,99,true,2372,1
4687,99,true,2373,1
4688,99,false,2373,1
4689,99,false,2373,1
4690,99,false,2373,1
4691,99,false,2373,1
4692,99,true,2374,1
4693,99,true,2375,1
4694,99,false,2375,1
4695,99,false,2375,1
4696,99,true,2376,1
4697,99,true,2377,1
4698,99,true,2378,1
4699,99,false,2378,1
4700,99,true,2379,1
4701,99,false,2379,1
4702,99,true,2380,1
4703,99,false,2380,1
4704,99,false,2380,1
4705,99,false,2380,1
4706,99,false,2380,1
4707,99,true,2381,1
4708,99,false,2381,1
4709,99,true,2382,1
4710,99,true,2383,1
4711,99,true,2384,1
4712,99,true,2385,1
4713,99,true,2386,1
4714,99,true,2387,1
4715,99,false,2387,1
4716,99,false,2387,1
4717,99,false,2387,1
4718,99,true,2388,1
4719,99,true,2389,1
4720,99,true,2390,1
4721,99,false,2390,1
4722,99,true,2391,1
4723,99,true,2392,1
4724,99,false,2392,1
4725,99,false,2392,1
4726,99,true,2393,1
4727,99,true,2394,1
4728,99,false,2394,1
4729,99,false,2394,1
4730,99,false,2394,1
4731,99,false,2394,1
4732,99,true,2395,1
4733,99,false,2395,1
4734,99,false,2395,1
4735,99,false,2395,1
4736,99,false,2395,1
4737,99,false,2395,1
4738,99,false,2395,1
4739,99,false,2395,1
4740,99,false,2395,1
4741,99,true,2396,1
4742,99,true,2397,1
4743,99,false,2397,1
4744,99,false,2397,1
4745,99,true,2398,1
4746,99,true,2399,1
4747,99,true,2400,1
4748,99,false,2400,1
4749,99,false,2400,0
4750,99,false,2400,0
4751,99,true,2401,0
4752,99,false,2401,0
4753,99,true,2402,0
4754,99,false,2402,0
4755,99,true,2403,0
4756,99,true,2404,0
4757,99,true,2405,0
4758,99,true,2406,0
4759,99,true,2407,0
4760,99,false,2407,0
4761,99,true,2408,0
4762,99,false,2408,0
4763,99,true,2409,0
4764,99,false,2409,0
4765,99,false,2409,1
4766,99,true,2410,0
4767,99,true,2411,0
4768,99,true,2412,0
4769,99,false,2412,0
4770,99,false,2412,0
4771,99,false,2412,0
4772,99,true,2413,0
4773,99,false,2413,0
4774,99,true,2414,0
4775,99,true,2415,0
4776,99,false,2415,1
4777,99,false,2415,1
4778,99,true,2416,1
4779,99,false,2416,2
4780,99,true,2417,2
4781,99,true,2418,2
4782,99,true,2419,1
4783,99,true,2420,1
4784,99,true,2421,1
4785,99,false,2421,1
4786,99,false,2421,1
4787,99,false,2421,1
4788,99,true,2422,1
4789,99,true,2423,1
4790,99,false,2423,2
4791,99,false,2423,1
4792,99,false,2423,1
4793,99,false,2423,1
4794,99,true,2424,1
4795,99,true,2425,1
4796,99,true,2426,1
4797,99,false,2426,1
4798,99,false,2426,1
4799,99,true,2427,1
4800,99,true,2428,1
4801,99,false,2428,1
4802,99,true,2429,1
4803,99,false,2429,1
4804,99,true,2430,1
4805,99,false,2430,1
4806,99,false,2430,1
4807,99,false,2430,1
4808,99,true,2431,1
4809,99,false,2431,1
4810,99,false,2431,1
4811,99,true,2432,1
4812,99,false,2432,1
4813,99,true,2433,1
4814,99,false,2433,1
4815,99,true,2434,1
4816,99,true,2435,1
4817,99,false,2435,1
4818,99,true,2436,1
4819,99,true,2437,1
4820,99,true,2438,1
4821,99,true,2439,1
4822,99,true,2440,1
4823,99,true,2441,1
4824,99,false,2441,1
4825,99,false,2441,1
4826,99,false,2441,1
4827,99,false,2441,1
4828,99,true,2442,1
4829,99,false,2442,1
4830,99,true,2443,1
4831,99,true,2444,1
4832,99,true,2445,1
4833,99,true,2446,1
4834,99,false,2446,1
4835,99,true,2447,1
4836,99,true,2448,1
4837,99,true,2449,1
4838,99,false,2449,1
4839,99,true,2450,1
4840,99,false,2450,1
4841,99,true,2451,1
4842,99,true,2452,1
4843,99,true,2453,1
4844,99,false,2453,1
4845,99,false,2453,1
4846,99,true,2454,1
4847,99,false,2454,1
4848,99,false,2454,1
4849,99,true,2455,1
4850,99,true,2456,1
4851,99,false,2456,1
4852,99,false,2456,1
4853,99,false,2456,1
4854,99,true,2457,1
4855,99,true,2458,1
4856,99,false,2458,1
4857,99,false,2458,1
4858,99,true,2459,1
4859,99,false,2459,1
4860,99,true,2460,1
4861,99,false,2460,1
4862,99,true,2461,1
4863,99,true,2462,1
4864,99,true,2463,1
4865,99,true,2464,1
4866,99,true,2465,1
4867,99,true,2466,1
4868,99,true,2467,1
4869,99,true,2468,1
4870,99,true,2469,1
4871,99,false,2469,1
4872,99,false,2469,1
4873,99,false,2469,2
4874,99,true,2470,2
4875,99,false,2470,2
4876,99,true,2471,2
4877,99,true,2472,2
4878,99,true,2473,2
4879,99,true,2474,2
4880,99,true,2475,2
4881,99,false,2475,2
4882,99,true,2476,2
4883,99,false,2476,2
4884,99,true,2477,2
4885,99,true,2478,2
4886,99,false,2478,2
4887,99,false,2478,2
4888,99,true,2479,2
4889,99,false,2479,2
4890,99,false,2479,2
4891,99,false,2479,2
4892,99,false,2479,3
4893,99,true,2480,2
4894,99,false,2480,2
4895,99,true,2481,2
4896,99,false,2481,2
4897,99,true,2482,2
4898,99,true,2483,2
4899,99,true,2484,1
4900,99,true,2485,1
4901,99,true,2486,1
4902,99,true,2487,1
4903,99,false,2487,1
4904,99,true,2488,1
4905,99,true,2489,1
4906,99,true,2490,1
4907,99,false,2490,1
4908,99,true,2491,1
4909,99,true,2492,1
4910,99,true,2493,1
4911,99,false,2493,1
4912,99,true,2494,1
4913,99,true,2495,0
4914,99,true,2496,0
4915,99,false,2496,0
4916,99,true,2497,0
4917,99,false,2497,0
4918,99,true,2498,0
4919,99,false,2498,0
4920,99,false,2498,0
4921,99,true,2499,0
4922,99,true,2500,0
4923,99,false,2500,0
4924,99,true,2501,0
4925,99,false,2501,0
4926,99,true,2502,0
4927,99,true,2503,0
4928,99,true,2504,0
4929,99,false,2504,0
4930,99,false,2504,0
4931,99,true,2505,0
4932,99,true,2506,1
4933,99,false,2506,0
4934,99,false,2506,0
4935,99,false,2506,0
4936,99,false,2506,0
4937,99,true,2507,0
4938,99,false,2507,0
4939,99,true,2508,0
4940,99,false,2508,0
4941,99,true,2509,0
4942,99,false,2509,0
4943,99,false,2509,0
4944,99,false,2509,0
4945,99,true,2510,0
4946,99,true,2511,0
4947,99,false,2511,0
4948,99,true,2512,0
4949,99,false,2512,0
4950,99,true,2513,0
4951,99,false,2513,0
4952,99,true,2514,0
4953,99,false,2514,0
4954,99,false,2514,0
4955,99,false,2514,0
4956,99,true,2515,0
4957,99,false,2515,0
4958,99,true,2516,0
4959,99,true,2517,0
4960,99,true,2518,0
4961,99,true,2519,0
4962,99,true,2520,0
4963,99,true,2521,0
4964,99,true,2522,0
4965,99,true,2523,0
4966,99,true,2524,0
4967,99,false,2524,0
4968,99,true,2525,0
4969,99,false,2525,0
4970,99,true,2526,0
4971,99,false,2526,0
4972,99,false,2526,0
4973,99,false,2526,0
4974,99,true,2527,0
4975,99,true,2528,0
4976,99,false,2528,0
4977,99,true,2529,0
4978,99,false,2529,0
4979,99,true,2530,1
4980,99,true,2531,1
4981,99,true,2532,1
4982,99,true,2533,1
4983,99,true,2534,1
4984,99,false,2534,1
4985,99,true,2535,2
4986,99,false,2535,2
4987,99,true,2536,2
4988,99,true,2537,2
4989,99,false,2537,2
4990,99,true,2538,2
4991,99,false,2538,2
4992,99,false,2538,2
4993,99,false,2538,2
4994,99,false,2538,2
4995,99,true,2539,2
4996,99,false,2539,2
4997,99,false,2539,2
4998,99,false,2539,2
4999,99,false,2539,2
5000,99,false,2539,2
